[
{
    "model": "product.booklist",
    "pk": 1,
    "fields": {
        "name": "\u09ac\u09bf\u099c\u09cd\u099e\u09be\u09a8\u09c0 \u09a8\u09be\u09ac\u09bf\u09b2 \u0986\u09b9\u09ae\u09c7\u09a6\u09c7\u09b0 \u0986\u099c\u09ac \u09af\u09a4 \u0995\u09be\u09a3\u09cd\u09a1 (\u09b9\u09be\u09b0\u09cd\u09a1\u0995\u09ad\u09be\u09b0)",
        "author": 1,
        "category": 1,
        "publication": 1,
        "translator": null,
        "edition": "1st Published, 2017",
        "isbn": "9789849272847",
        "country": "bangladesh",
        "language": "bengali",
        "total_pages": 87,
        "regular_price": "220.00",
        "price": "154.00",
        "descriptions": "Title \t\u09ac\u09bf\u099c\u09cd\u099e\u09be\u09a8\u09c0 \u09a8\u09be\u09ac\u09bf\u09b2 \u0986\u09b9\u09ae\u09c7\u09a6\u09c7\u09b0 \u0986\u099c\u09ac \u09af\u09a4 \u0995\u09be\u09a3\u09cd\u09a1\r\nAuthor \t\u09ac\u09bf\u09b6\u09cd\u09ac\u099c\u09bf\u09ce \u09a6\u09be\u09b8\r\nPublisher \t\u09ac\u09be\u09ac\u09c1\u0987\r\nISBN \t9789849272847\r\nEdition \t1st Published, 2017\r\nNumber of Pages \t87\r\nCountry \t\u09ac\u09be\u0982\u09b2\u09be\u09a6\u09c7\u09b6\r\nLanguage \t\u09ac\u09be\u0982\u09b2\u09be\r\nBangla Book",
        "review": null,
        "rent_charge": "23.10",
        "image": "Book/70417.jpg",
        "order": "4",
        "is_old": false,
        "is_stock": true,
        "active": true,
        "is_rent_available": true,
        "timestamp": "2018-10-10T16:23:55.602Z",
        "slug": "\u09ac\u099c\u099e\u09a8-\u09a8\u09ac\u09b2-\u0986\u09b9\u09ae\u09a6\u09b0-\u0986\u099c\u09ac-\u09af\u09a4-\u0995\u09a3\u09a1-\u09b9\u09b0\u09a1\u0995\u09ad\u09b0",
        "tag": [
            1,
            2
        ]
    }
},
{
    "model": "product.booklist",
    "pk": 2,
    "fields": {
        "name": "\u0985\u09b0\u09cd\u09a7\u09c7\u0995 \u099c\u09c0\u09ac\u09a8",
        "author": 2,
        "category": 7,
        "publication": 2,
        "translator": null,
        "edition": "2018",
        "isbn": null,
        "country": "bangladesh",
        "language": "bengali",
        "total_pages": null,
        "regular_price": "550.00",
        "price": "385.00",
        "descriptions": "Title \t\u0985\u09b0\u09cd\u09a7\u09c7\u0995 \u099c\u09c0\u09ac\u09a8\r\nAuthor \t\u09b8\u09c1\u09a8\u09c0\u09b2 \u0997\u0999\u09cd\u0997\u09cb\u09aa\u09be\u09a7\u09cd\u09af\u09be\u09af\u09bc\r\nPublisher \t\u09ac\u09bf\u09ad\u09be\u09b8\r\nCountry \t\u09ac\u09be\u0982\u09b2\u09be\u09a6\u09c7\u09b6\r\nLanguage \t\u09ac\u09be\u0982\u09b2\u09be",
        "review": null,
        "rent_charge": "57.75",
        "image": "Book/14479.gif",
        "order": "3",
        "is_old": false,
        "is_stock": true,
        "active": true,
        "is_rent_available": true,
        "timestamp": "2018-10-10T16:44:15.260Z",
        "slug": "\u0985\u09b0\u09a7\u0995-\u099c\u09ac\u09a8",
        "tag": [
            1,
            2
        ]
    }
},
{
    "model": "product.booklist",
    "pk": 3,
    "fields": {
        "name": "\u099b\u09c7\u09b2\u09c7\u09ac\u09c7\u09b2\u09be",
        "author": 3,
        "category": 7,
        "publication": 2,
        "translator": null,
        "edition": "1st Edition, 2014",
        "isbn": "9847034301595",
        "country": "bangladesh",
        "language": "bengali",
        "total_pages": null,
        "regular_price": "100.00",
        "price": "80.00",
        "descriptions": "Title \t\u099b\u09c7\u09b2\u09c7\u09ac\u09c7\u09b2\u09be chelebela \r\nAuthor \t\u09b0\u09ac\u09c0\u09a8\u09cd\u09a6\u09cd\u09b0\u09a8\u09be\u09a5 \u09a0\u09be\u0995\u09c1\u09b0 robinro nath thakur \r\nPublisher \t\u09ac\u09bf\u09ad\u09be\u09b8 bivas \r\nISBN \t9847034301595 \r\nEdition \t1st Edition, 2014\r\nCountry \t\u09ac\u09be\u0982\u09b2\u09be\u09a6\u09c7\u09b6 bangladesh\r\nLanguage \t\u09ac\u09be\u0982\u09b2\u09be bangla",
        "review": null,
        "rent_charge": "0.00",
        "image": "Book/14649.GIF",
        "order": "0",
        "is_old": false,
        "is_stock": true,
        "active": true,
        "is_rent_available": false,
        "timestamp": "2018-10-10T18:27:59.306Z",
        "slug": "\u099b\u09b2\u09ac\u09b2",
        "tag": [
            1,
            2
        ]
    }
},
{
    "model": "product.booklist",
    "pk": 4,
    "fields": {
        "name": "\u09a6\u09cd\u09af \u09ad\u09bf\u099e\u09cd\u099a\u09bf \u0995\u09cb\u09a1",
        "author": 9,
        "category": 8,
        "publication": 3,
        "translator": null,
        "edition": null,
        "isbn": null,
        "country": "bangladesh",
        "language": "bengali",
        "total_pages": null,
        "regular_price": "400.00",
        "price": "280.00",
        "descriptions": "Title\t\u09a6\u09cd\u09af \u09ad\u09bf\u099e\u09cd\u099a\u09bf \u0995\u09cb\u09a1\r\nAuthor\t\u09a1\u09cd\u09af\u09be\u09a8 \u09ac\u09cd\u09b0\u09be\u0989\u09a8\r\nPublisher\t\u09ac\u09be\u09a4\u09bf\u0998\u09b0 \u09aa\u09cd\u09b0\u0995\u09be\u09b6\u09a8\u09c0\r\nCountry\t\u09ac\u09be\u0982\u09b2\u09be\u09a6\u09c7\u09b6\r\nLanguage\t\u09ac\u09be\u0982\u09b2\u09be",
        "review": null,
        "rent_charge": "42.00",
        "image": "Book/4022.jpg",
        "order": "0",
        "is_old": true,
        "is_stock": true,
        "active": true,
        "is_rent_available": true,
        "timestamp": "2018-10-11T08:37:50.025Z",
        "slug": "\u09a6\u09af-\u09ad\u099e\u099a-\u0995\u09a1",
        "tag": [
            1,
            2
        ]
    }
},
{
    "model": "product.booklist",
    "pk": 5,
    "fields": {
        "name": "\u0987\u09a8\u09ab\u09be\u09b0\u09cd\u09a8\u09cb (\u09b9\u09be\u09b0\u09cd\u09a1\u0995\u09ad\u09be\u09b0)",
        "author": 9,
        "category": 8,
        "publication": 3,
        "translator": null,
        "edition": "6th Edition, 2016",
        "isbn": "9789848729601",
        "country": "bangladesh",
        "language": "bengali",
        "total_pages": 528,
        "regular_price": "480.00",
        "price": "336.00",
        "descriptions": "Title \t\u0987\u09a8\u09ab\u09be\u09b0\u09cd\u09a8\u09cb\r\nAuthor \t\u09a1\u09cd\u09af\u09be\u09a8 \u09ac\u09cd\u09b0\u09be\u0989\u09a8\r\nTranslator \t\u09ae\u09cb\u09b9\u09be\u09ae\u09cd\u09ae\u09a6 \u09a8\u09be\u099c\u09bf\u09ae \u0989\u09a6\u09cd\u09a6\u09bf\u09a8\r\nPublisher \t\u09ac\u09be\u09a4\u09bf\u0998\u09b0 \u09aa\u09cd\u09b0\u0995\u09be\u09b6\u09a8\u09c0\r\nISBN \t9789848729601\r\nEdition \t6th Edition, 2016\r\nNumber of Pages \t528\r\nCountry \t\u09ac\u09be\u0982\u09b2\u09be\u09a6\u09c7\u09b6\r\nLanguage \t\u09ac\u09be\u0982\u09b2\u09be",
        "review": null,
        "rent_charge": "0.00",
        "image": "Book/45946.GIF",
        "order": "0",
        "is_old": false,
        "is_stock": false,
        "active": true,
        "is_rent_available": false,
        "timestamp": "2018-10-11T12:02:37.558Z",
        "slug": "\u0987\u09a8\u09ab\u09b0\u09a8-\u09b9\u09b0\u09a1\u0995\u09ad\u09b0",
        "tag": [
            1,
            2
        ]
    }
},
{
    "model": "product.booklist",
    "pk": 6,
    "fields": {
        "name": "The Lost Symbol (Paperback)",
        "author": 9,
        "category": 9,
        "publication": 4,
        "translator": null,
        "edition": "1st Edition, 2010",
        "isbn": "9780552161237",
        "country": "india",
        "language": "english",
        "total_pages": 672,
        "regular_price": "0.00",
        "price": "718.00",
        "descriptions": "Author \tDan Brown\r\nPublisher \tCorgi Books\r\nISBN \t9780552161237\r\nEdition \t1st Edition, 2010\r\nNumber of Pages \t672\r\nCountry \tIndia\r\nLanguage \tEnglish",
        "review": null,
        "rent_charge": "0.00",
        "image": "Book/the-lost-symbol-paperback/94515.gif",
        "order": "0",
        "is_old": false,
        "is_stock": false,
        "active": true,
        "is_rent_available": false,
        "timestamp": "2018-10-11T12:05:08.211Z",
        "slug": "the-lost-symbol-paperback",
        "tag": [
            1,
            2
        ]
    }
},
{
    "model": "product.booklist",
    "pk": 7,
    "fields": {
        "name": "Angels And Demons (Paperback)",
        "author": 9,
        "category": 9,
        "publication": 4,
        "translator": null,
        "edition": "1st Edition, 2009",
        "isbn": "9780552161268",
        "country": "india",
        "language": "english",
        "total_pages": 624,
        "regular_price": "0.00",
        "price": "775.00",
        "descriptions": "Title \tAngels And Demons\r\nAuthor \tDan Brown\r\nPublisher \tCorgi Books\r\nISBN \t9780552161268\r\nEdition \t1st Edition, 2009\r\nNumber of Pages \t624\r\nCountry \tIndia\r\nLanguage \tEnglish",
        "review": null,
        "rent_charge": "116.25",
        "image": "Book/angels-and-demons-paperback/15746.GIF",
        "order": "0",
        "is_old": true,
        "is_stock": false,
        "active": true,
        "is_rent_available": true,
        "timestamp": "2018-10-11T13:02:35.022Z",
        "slug": "angels-and-demons-paperback",
        "tag": [
            3,
            4,
            5
        ]
    }
},
{
    "model": "product.booklist",
    "pk": 8,
    "fields": {
        "name": "\u09a6\u09c7\u09df\u09be\u09b2 (\u09b9\u09be\u09b0\u09cd\u09a1\u0995\u09ad\u09be\u09b0)",
        "author": 10,
        "category": 10,
        "publication": 13,
        "translator": null,
        "edition": "11th, 2014",
        "isbn": "9789845021272",
        "country": "bangladesh",
        "language": "bengali",
        "total_pages": 198,
        "regular_price": "380.00",
        "price": "315.00",
        "descriptions": "humanun ahmed",
        "review": null,
        "rent_charge": "0.00",
        "image": "Book/15229.jpg",
        "order": "0",
        "is_old": false,
        "is_stock": true,
        "active": true,
        "is_rent_available": false,
        "timestamp": "2018-10-11T13:08:57.714Z",
        "slug": "\u09a6\u09af\u09b2-\u09b9\u09b0\u09a1\u0995\u09ad\u09b0-g9wo",
        "tag": [
            1,
            2
        ]
    }
},
{
    "model": "product.booklist",
    "pk": 9,
    "fields": {
        "name": "\u0989\u09a0\u09cb\u09a8 \u09aa\u09c7\u09b0\u09bf\u09df\u09c7 \u09a6\u09c1\u0987 \u09aa\u09be (\u09b9\u09be\u09b0\u09cd\u09a1\u0995\u09ad\u09be\u09b0)",
        "author": 10,
        "category": 11,
        "publication": 14,
        "translator": null,
        "edition": "4rd Printed, 2014",
        "isbn": "9847010501889",
        "country": "bangladesh",
        "language": "bengali",
        "total_pages": 320,
        "regular_price": "400.00",
        "price": "300.00",
        "descriptions": "humanun ahmed",
        "review": null,
        "rent_charge": "0.00",
        "image": "Book/44008.gif",
        "order": "7",
        "is_old": false,
        "is_stock": true,
        "active": true,
        "is_rent_available": false,
        "timestamp": "2018-10-11T13:21:17.330Z",
        "slug": "\u0989\u09a0\u09a8-\u09aa\u09b0\u09af-\u09a6\u0987-\u09aa-\u09b9\u09b0\u09a1\u0995\u09ad\u09b0",
        "tag": [
            1,
            2,
            6
        ]
    }
},
{
    "model": "product.booklist",
    "pk": 10,
    "fields": {
        "name": "\u09a4\u09bf\u09a8\u09aa\u09c1\u09b0\u09c1\u09b7 (\u09b9\u09be\u09b0\u09cd\u09a1\u0995\u09ad\u09be\u09b0)",
        "author": 10,
        "category": 12,
        "publication": 14,
        "translator": null,
        "edition": "7th Printed, 2015",
        "isbn": "9789844320406",
        "country": "bangladesh",
        "language": "bengali",
        "total_pages": 240,
        "regular_price": "300.00",
        "price": "255.00",
        "descriptions": "humanun ahmed",
        "review": null,
        "rent_charge": "0.00",
        "image": "Book/87673.gif",
        "order": "6",
        "is_old": false,
        "is_stock": false,
        "active": true,
        "is_rent_available": false,
        "timestamp": "2018-10-11T13:25:26.215Z",
        "slug": "\u09a4\u09a8\u09aa\u09b0\u09b7-\u09b9\u09b0\u09a1\u0995\u09ad\u09b0",
        "tag": [
            2,
            6
        ]
    }
},
{
    "model": "product.booklist",
    "pk": 11,
    "fields": {
        "name": "\u09a1\u09cd\u09b0\u09c7\u09b8\u09a1\u09c7\u09a8 \u09b8\u09bf\u09b0\u09bf\u099c (\u0997\u09cd\u09b0\u09c7\u09ad \u09aa\u09c7\u09b0\u09bf\u09b2,\u09b8\u09cd\u099f\u09b0\u09cd\u09ae \u09ab\u09cd\u09b0\u09a8\u09cd\u099f,\u09ab\u09c1\u09b2\u09ae\u09c1\u09a8) (\u09b9\u09be\u09b0\u09cd\u09a1\u0995\u09ad\u09be\u09b0)",
        "author": 11,
        "category": 13,
        "publication": 3,
        "translator": "\u09a4\u09be\u09a8\u099c\u09c0\u09ae \u09b0\u09b9\u09ae\u09be\u09a8 , \u09ae\u09cb\u09b9\u09a4\u09be\u09b8\u09bf\u09ae \u09b9\u09be\u09a6\u09c0 \u09b0\u09be\u09ab\u09c0",
        "edition": "1st published, 2018",
        "isbn": null,
        "country": "bangladesh",
        "language": "bengali",
        "total_pages": 809,
        "regular_price": "790.00",
        "price": "545.00",
        "descriptions": "\u09a1\u09cd\u09b0\u09c7\u09b8\u09a1\u09c7\u09a8 \u09ab\u09be\u0987\u09b2\u09cd\u200c\u09b8: \u0997\u09cd\u09b0\u09c7\u09ad \u09aa\u09c7\u09b0\u09bf\u09b2\tTranslated Books\t280.0 Tk.\t30.0%\t196.0 Tk.\r\n02\t The Dresden Files : Storm Front\t\u09a6\u09cd\u09af \u09a1\u09cd\u09b0\u09c7\u09b8\u09a1\u09c7\u09a8 \u09ab\u09be\u0987\u09b2\u09cd\u200c\u09b8 : \u09b8\u09cd\u099f\u09b0\u09cd\u09ae \u09ab\u09cd\u09b0\u09a8\u09cd\u099f\tTranslated Science Fiction\t240.0 Tk.\t30.0%\t168.0 Tk.\r\n03\t The Dresden Fails: FoolMoon\t\u09a6\u09cd\u09af \u09a1\u09cd\u09b0\u09c7\u09b8\u09a1\u09c7\u09a8 \u09ab\u09be\u0987\u09b2\u09cd\u200c\u09b8: \u09ab\u09c1\u09b2\u09ae\u09c1\u09a8\tTranslated Books: Mystery, detective, horror & thriller\t270.0 Tk.\t30.0%\t189.0 Tk.\r\n\r\n\u09a4\u09be\u09a8\u099c\u09c0\u09ae \u09b0\u09b9\u09ae\u09be\u09a8 , \u09ae\u09cb\u09b9\u09a4\u09be\u09b8\u09bf\u09ae \u09b9\u09be\u09a6\u09c0 \u09b0\u09be\u09ab\u09c0",
        "review": null,
        "rent_charge": "0.00",
        "image": "Book/29349.jpg",
        "order": "6",
        "is_old": false,
        "is_stock": false,
        "active": true,
        "is_rent_available": false,
        "timestamp": "2018-10-16T05:28:12.483Z",
        "slug": "\u09a1\u09b0\u09b8\u09a1\u09a8-\u09b8\u09b0\u099c-\u0997\u09b0\u09ad-\u09aa\u09b0\u09b2\u09b8\u099f\u09b0\u09ae-\u09ab\u09b0\u09a8\u099f\u09ab\u09b2\u09ae\u09a8-\u09b9\u09b0\u09a1\u0995\u09ad\u09b0",
        "tag": [
            1
        ]
    }
},
{
    "model": "product.booklist",
    "pk": 12,
    "fields": {
        "name": "\u09a8\u09c0\u09b2\u0997\u09bf\u09b0\u09bf\u09a4\u09c7 \u099a\u09be\u09b0 \u0997\u09cb\u09df\u09c7\u09a8\u09cd\u09a6\u09be (\u09b9\u09be\u09b0\u09cd\u09a1\u0995\u09ad\u09be\u09b0)",
        "author": 12,
        "category": 14,
        "publication": 13,
        "translator": null,
        "edition": "1st Published, 2018",
        "isbn": "9789845024358",
        "country": "bangladesh",
        "language": "bengali",
        "total_pages": 78,
        "regular_price": "150.00",
        "price": "132.00",
        "descriptions": "",
        "review": null,
        "rent_charge": "19.80",
        "image": "Book/27701.jpg",
        "order": "8",
        "is_old": false,
        "is_stock": false,
        "active": true,
        "is_rent_available": true,
        "timestamp": "2018-10-16T05:44:53.690Z",
        "slug": "\u09a8\u09b2\u0997\u09b0\u09a4-\u099a\u09b0-\u0997\u09af\u09a8\u09a6-\u09b9\u09b0\u09a1\u0995\u09ad\u09b0",
        "tag": [
            1,
            2
        ]
    }
},
{
    "model": "product.booklist",
    "pk": 13,
    "fields": {
        "name": "\u09a8\u09bf\u0983\u09b8\u0999\u09cd\u0997 \u09a8\u0995\u09cd\u09b7\u09a4\u09cd\u09b0 (\u09b9\u09be\u09b0\u09cd\u09a1\u0995\u09ad\u09be\u09b0)",
        "author": 13,
        "category": 12,
        "publication": 15,
        "translator": null,
        "edition": "1st Published, 2018",
        "isbn": "9789849280439",
        "country": "bangladesh",
        "language": "bengali",
        "total_pages": 270,
        "regular_price": "470.00",
        "price": "400.00",
        "descriptions": "",
        "review": null,
        "rent_charge": "60.00",
        "image": "Book/94752.jpg",
        "order": "4",
        "is_old": false,
        "is_stock": false,
        "active": true,
        "is_rent_available": true,
        "timestamp": "2018-10-16T05:48:24.819Z",
        "slug": "\u09a8\u09b8\u0999\u0997-\u09a8\u0995\u09b7\u09a4\u09b0-\u09b9\u09b0\u09a1\u0995\u09ad\u09b0",
        "tag": [
            1,
            2
        ]
    }
},
{
    "model": "product.booklist",
    "pk": 14,
    "fields": {
        "name": "\u09ac\u09bf\u099c\u09cd\u099e\u09be\u09a8\u09c0\u09a6\u09c7\u09b0 \u09aa\u09cd\u09b0\u09c7\u09ae (\u09b9\u09be\u09b0\u09cd\u09a1\u0995\u09ad\u09be\u09b0)",
        "author": 14,
        "category": 15,
        "publication": 15,
        "translator": null,
        "edition": "2nd Printed, 2015",
        "isbn": "9789849015383",
        "country": "bangladesh",
        "language": "bengali",
        "total_pages": 96,
        "regular_price": "200.00",
        "price": "176.00",
        "descriptions": "",
        "review": null,
        "rent_charge": "26.40",
        "image": "Book/57846.jpg",
        "order": "11",
        "is_old": false,
        "is_stock": false,
        "active": true,
        "is_rent_available": true,
        "timestamp": "2018-10-16T05:52:11.337Z",
        "slug": "\u09ac\u099c\u099e\u09a8\u09a6\u09b0-\u09aa\u09b0\u09ae-\u09b9\u09b0\u09a1\u0995\u09ad\u09b0",
        "tag": [
            1,
            2
        ]
    }
},
{
    "model": "product.booklist",
    "pk": 15,
    "fields": {
        "name": "\u0997\u09a3\u09bf\u09a4 \u0995\u09b0\u09ac \u099c\u09df (\u09b9\u09be\u09b0\u09cd\u09a1\u0995\u09ad\u09be\u09b0)",
        "author": 15,
        "category": 15,
        "publication": 16,
        "translator": null,
        "edition": "1st Published, 2018",
        "isbn": "9789849216483",
        "country": "bangladesh",
        "language": "bengali",
        "total_pages": 144,
        "regular_price": "225.00",
        "price": "187.00",
        "descriptions": "",
        "review": null,
        "rent_charge": "28.05",
        "image": "Book/81679.jpg",
        "order": "14",
        "is_old": false,
        "is_stock": false,
        "active": true,
        "is_rent_available": true,
        "timestamp": "2018-10-16T06:03:22.631Z",
        "slug": "\u0997\u09a3\u09a4-\u0995\u09b0\u09ac-\u099c\u09af-\u09b9\u09b0\u09a1\u0995\u09ad\u09b0",
        "tag": [
            1,
            2
        ]
    }
},
{
    "model": "product.booklist",
    "pk": 16,
    "fields": {
        "name": "\u0997\u09a3\u09bf\u09a4\u09c7\u09b0 \u09b0\u0999\u09cd\u0997\u09c7 \u09b9\u09be\u09b8\u09bf\u0996\u09c1\u09b6\u09bf \u0997\u09a3\u09bf\u09a4 (\u09b9\u09be\u09b0\u09cd\u09a1\u0995\u09ad\u09be\u09b0)",
        "author": 5,
        "category": 15,
        "publication": 17,
        "translator": null,
        "edition": "3rd Edition, 2018",
        "isbn": "9789848875865",
        "country": "bangladesh",
        "language": "bengali",
        "total_pages": 160,
        "regular_price": "250.00",
        "price": "213.00",
        "descriptions": "",
        "review": null,
        "rent_charge": "31.95",
        "image": "Book/60966.jpg",
        "order": "27",
        "is_old": false,
        "is_stock": false,
        "active": true,
        "is_rent_available": true,
        "timestamp": "2018-10-16T06:07:58.619Z",
        "slug": "\u0997\u09a3\u09a4\u09b0-\u09b0\u0999\u0997-\u09b9\u09b8\u0996\u09b6-\u0997\u09a3\u09a4-\u09b9\u09b0\u09a1\u0995\u09ad\u09b0",
        "tag": [
            1,
            2
        ]
    }
},
{
    "model": "author.bookauthor",
    "pk": 1,
    "fields": {
        "name": "\u09ac\u09bf\u09b6\u09cd\u09ac\u099c\u09bf\u09ce \u09a6\u09be\u09b8",
        "image": "Author/23430.JPG",
        "bio": "\u09b0\u09ae\u09cd\u09af \u09b8\u09ac\u09be\u0987 \u09b2\u09bf\u0996\u09a4\u09c7 \u09aa\u09be\u09b0\u09c7 \u09a8\u09be\u0964 \u0995\u09c7\u0989 \u0995\u09c7\u0989 \u09aa\u09be\u09b0\u09c7- \u09ac\u09bf\u09b6\u09cd\u09ac\u099c\u09bf\u09ce \u09a6\u09be\u09b8\u09c7\u09b0 \u0995\u09cd\u09b7\u09c7\u09a4\u09cd\u09b0\u09c7 \u098f\u0995\u09a5\u09be\u099f\u09bf \u09b6\u09a4\u0995\u09b0\u09be \u09b6\u09a4\u09ad\u09be\u0997 \u09b8\u09a4\u09cd\u09af\u0964 \u099b\u09cb\u099f\u0997\u09b2\u09cd\u09aa, \u09b8\u09be\u09df\u09c7\u09a8\u09cd\u09b8 \u09ab\u09bf\u0995\u09b6\u09a8, \u09b0\u09ae\u09cd\u09af \u0997\u09b2\u09cd\u09aa, \u099f\u09bf\u09ad\u09bf \u09a8\u09be\u099f\u0995 \u0987\u09a4\u09cd\u09af\u09be\u09a6\u09bf \u09b2\u09bf\u0996\u09b2\u09c7\u0993 \u09ac\u09bf\u09b6\u09cd\u09ac\u099c\u09bf\u09ce \u09a6\u09be\u09b8\u09c7\u09b0 \u09ac\u09cd\u09af\u09be\u09aa\u0995 \u09aa\u09b0\u09bf\u099a\u09bf\u09a4\u09bf \u098f\u0995\u099c\u09a8 \u09b0\u09ae\u09cd\u09af \u09b2\u09c7\u0996\u0995 \u09b9\u09bf\u09b8\u09c7\u09ac\u09c7\u0964 \u09a6\u09c7\u09b6\u09c7\u09b0 \u09ac\u09bf\u09ad\u09bf\u09a8\u09cd\u09a8 \u09aa\u09a4\u09cd\u09b0\u09aa\u09a4\u09cd\u09b0\u09bf\u0995\u09be\u09df \u09a4\u09bf\u09a8\u09bf \u09a8\u09bf\u09df\u09ae\u09bf\u09a4\u0987 \u09b2\u09bf\u0996\u09c7 \u09a5\u09be\u0995\u09c7\u09a8\u0964 \u09a4\u09be\u0981\u09b0 \u09b2\u09c7\u0996\u09be \u09b0\u09ae\u09cd\u09af \u09aa\u09be\u09a0\u0995\u09a6\u09c7\u09b0 \u09af\u09c7\u09ae\u09a8 \u0986\u0995\u09c3\u09b7\u09cd\u099f \u0995\u09b0\u09c7\u099b\u09c7 \u09a4\u09c7\u09ae\u09a8\u09bf \u099c\u09a8\u09aa\u09cd\u09b0\u09bf\u09df \u09b9\u09df\u09c7\u099b\u09c7 \u09a4\u09be\u0981\u09b0 \u09b8\u09c3\u09b7\u09cd\u099f \u099a\u09b0\u09bf\u09a4\u09cd\u09b0 \u2018\u09ae\u09cb\u0996\u09b2\u09c7\u09b8 \u09ad\u09be\u0987\u2019\u0964 \u098f \u09aa\u09b0\u09cd\u09af\u09a8\u09cd\u09a4 \u2018\u09ae\u09cb\u0996\u09b2\u09c7\u09b8 \u09ad\u09be\u0987\u2019 \u0989\u09aa\u09be\u0996\u09cd\u09af\u09be\u09a8\u2019-\u098f\u09b0 \u099b\u09df\u099f\u09bf \u09b8\u09bf\u0995\u09c1\u09df\u09c7\u09b2 \u09b2\u09c7\u0996\u09be \u09b9\u09df\u09c7\u099b\u09c7\u0964 \u09ac\u09b0\u09cd\u09a4\u09ae\u09be\u09a8\u09c7 \u09a4\u09bf\u09a8\u09bf \u09a6\u09bf\u09a8\u09be\u099c\u09aa\u09c1\u09b0 \u09b8\u09b0\u0995\u09be\u09b0\u09bf \u0995\u09b2\u09c7\u099c\u09c7 \u09aa\u09a6\u09be\u09b0\u09cd\u09a5\u09ac\u09bf\u099c\u09cd\u099e\u09be\u09a8 \u09ac\u09bf\u09ad\u09be\u0997\u09c7\u09b0 \u09b8\u09b9\u0995\u09be\u09b0\u09c0 \u0985\u09a7\u09cd\u09af\u09be\u09aa\u0995 \u09b9\u09bf\u09b8\u09c7\u09ac\u09c7 \u0995\u09b0\u09cd\u09ae\u09b0\u09a4\u0964 \u09a4\u09be\u0981\u09b0 \u0985\u09a8\u09cd\u09af\u09be\u09a8\u09cd\u09af \u0997\u09cd\u09b0\u09a8\u09cd\u09a5\u09c7\u09b0 \u09ae\u09a7\u09cd\u09af\u09c7 \u09b0\u09df\u09c7\u099b\u09c7- \u09ac\u09bf\u099c\u09cd\u099e\u09be\u09a8\u09c0 \u09a8\u09be\u09ac\u09bf\u09b2 \u0986\u09b9\u09ae\u09c7\u09a6\u09c7\u09b0 \u0986\u099c\u09ac \u09af\u09a4 \u0995\u09be-, \u09ae\u09cb\u0996\u09b2\u09c7\u09b8 \u09ad\u09be\u0987 \u0989\u09aa\u09be\u0996\u09cd\u09af\u09be\u09a8-\u09e7, \u09ae\u09cb\u0996\u09b2\u09c7\u09b8 \u09ad\u09be\u0987 \u0989\u09aa\u09be\u0996\u09cd\u09af\u09be\u09a8-\u09e8, \u09ae\u09cb\u0996\u09b2\u09c7\u09b8 \u09ad\u09be\u0987 \u0989\u09aa\u09be\u0996\u09cd\u09af\u09be\u09a8-\u09e9, \u09a7\u09b0\u09be\u09b6\u09be\u09df\u09c0 \u09ae\u09cb\u0996\u09b2\u09c7\u09b8 \u09ad\u09be\u0987, \u09aa\u09be\u09b2\u09be\u0993 \u09ae\u09cb\u0996\u09b2\u09c7\u09b8, \u098f\u09ac\u0982 \u09ae\u09cb\u0996\u09b2\u09c7\u09b8 \u09ad\u09be\u0987, \u0997\u09cd\u09af\u09be\u0981\u09dc\u09be\u0995\u09b2, \u09ad\u09c7\u099c\u09be\u09b2 \u09b9\u09be\u09b8\u09bf, \u09b0\u09ac\u09c1 \u09a8\u09be\u09ae\u09c7\u09b0 \u09b0\u09cb\u09ac\u099f\u099f\u09bf, \u09b6\u09be\u09b0\u09cd\u09b2\u0995 \u09b9\u09cb\u09ae\u09b8\u09c7\u09b0 \u09ac\u09bf\u09df\u09c7, \u0986\u09a8\u09b2\u09bf\u09ae\u09bf\u099f\u09c7\u09a1 \u09b0\u09ae\u09cd\u09af \u0997\u09b2\u09cd\u09aa, \u09b8\u09ae\u09df \u0987\u09a4\u09cd\u09af\u09be\u09a6\u09bf\u0964 \u09aa\u09cd\u09b0\u09a5\u09ae \u099f\u09bf\u09ad\u09bf \u09a8\u09be\u099f\u0995 \u0986\u099c \u09ae\u09bf\u09b2\u09a8\u09c7\u09b0 \u09ac\u09c7\u09b2\u09be\u0964",
        "slug": "fastpick-yg89"
    }
},
{
    "model": "author.bookauthor",
    "pk": 2,
    "fields": {
        "name": "\u09b8\u09c1\u09a8\u09c0\u09b2 \u0997\u0999\u09cd\u0997\u09cb\u09aa\u09be\u09a7\u09cd\u09af\u09be\u09af\u09bc",
        "image": "Author/84796.jpg",
        "bio": "\u09b8\u09c1\u09a8\u09c0\u09b2 \u0997\u0999\u09cd\u0997\u09cb\u09aa\u09be\u09a7\u09cd\u09af\u09be\u09af\u09bc \u09ac\u09bf\u0982\u09b6 \u09b6\u09a4\u0995\u09c7\u09b0 \u09b6\u09c7\u09b7\u09be\u09b0\u09cd\u09a7\u09c7 \u0986\u09ac\u09bf\u09ad\u09c1\u09b0\u09cd\u09a4 \u098f\u0995\u099c\u09a8 \u09aa\u09cd\u09b0\u09a5\u09bf\u09a4\u09af\u09b6\u09be \u09ac\u09be\u0999\u09be\u09b2\u09bf \u09b8\u09be\u09b9\u09bf\u09a4\u09cd\u09af\u09bf\u0995\u0964 \u09e8\u09e6\u09e7\u09e8 \u0996\u09cd\u09b0\u09bf\u09b8\u09cd\u099f\u09cb\u09ac\u09cd\u09a6\u09c7 \u09ae\u09c3\u09a4\u09cd\u09af\u09c1\u09b0 \u09aa\u09c2\u09b0\u09cd\u09ac\u09ac\u09b0\u09cd\u09a4\u09c0 \u099a\u09be\u09b0 \u09a6\u09b6\u0995 \u09a4\u09bf\u09a8\u09bf \u09ac\u09be\u0982\u09b2\u09be \u09b8\u09be\u09b9\u09bf\u09a4\u09cd\u09af\u09c7\u09b0 \u0985\u09a8\u09cd\u09af\u09a4\u09ae \u09aa\u09c1\u09b0\u09cb\u09a7\u09be-\u09ac\u09cd\u09af\u0995\u09cd\u09a4\u09bf\u09a4\u09cd\u09ac \u09b9\u09bf\u09b8\u09be\u09ac\u09c7 \u09b8\u09b0\u09cd\u09ac\u09ac\u09c8\u09b6\u09cd\u09ac\u09bf\u0995 \u09ac\u09be\u0982\u09b2\u09be \u09ad\u09be\u09b7\u09be-\u09ad\u09be\u09b7\u09c0 \u099c\u09a8\u0997\u09cb\u09b7\u09cd\u09a0\u09c0\u09b0 \u0995\u09be\u099b\u09c7 \u09ac\u09cd\u09af\u09be\u09aa\u0995\u09ad\u09be\u09ac\u09c7 \u09aa\u09b0\u09bf\u099a\u09bf\u09a4 \u099b\u09bf\u09b2\u09c7\u09a8\u0964 \u09ac\u09be\u0999\u09b2\u09be\u09ad\u09be\u09b7\u09c0 \u098f\u0987 \u09ad\u09be\u09b0\u09a4\u09c0\u09af\u09bc \u09b8\u09be\u09b9\u09bf\u09a4\u09cd\u09af\u09bf\u0995 \u098f\u0995\u09be\u09a7\u09be\u09b0\u09c7 \u0995\u09ac\u09bf, \u0994\u09aa\u09a8\u09cd\u09af\u09be\u09b8\u09bf\u0995, \u099b\u09cb\u099f\u0997\u09b2\u09cd\u09aa\u0995\u09be\u09b0, \u09b8\u09ae\u09cd\u09aa\u09be\u09a6\u0995, \u09b8\u09be\u0982\u09ac\u09be\u09a6\u09bf\u0995 \u0993 \u0995\u09b2\u09be\u09ae\u09bf\u09b8\u09cd\u099f \u09b9\u09bf\u09b8\u09be\u09ac\u09c7 \u0985\u099c\u09b8\u09cd\u09b0 \u09b8\u09cd\u09ae\u09b0\u09a3\u09c0\u09af\u09bc \u09b0\u099a\u09a8\u09be \u0989\u09aa\u09b9\u09be\u09b0 \u09a6\u09bf\u09af\u09bc\u09c7\u099b\u09c7\u09a8\u0964 \u09a4\u09bf\u09a8\u09bf \u0986\u09a7\u09c1\u09a8\u09bf\u0995 \u09ac\u09be\u0982\u09b2\u09be \u0995\u09ac\u09bf\u09a4\u09be\u09b0 \u099c\u09c0\u09ac\u09a8\u09be\u09a8\u09a8\u09cd\u09a6-\u09aa\u09b0\u09ac\u09b0\u09cd\u09a4\u09c0 \u09aa\u09b0\u09cd\u09af\u09be\u09af\u09bc\u09c7\u09b0 \u0985\u09a8\u09cd\u09af\u09a4\u09ae \u09aa\u09cd\u09b0\u09a7\u09be\u09a8 \u0995\u09ac\u09bf\u0964 \u098f\u0995\u0987 \u09b8\u0999\u09cd\u0997\u09c7 \u09a4\u09bf\u09a8\u09bf \u0986\u09a7\u09c1\u09a8\u09bf\u0995 \u0993 \u09b0\u09cb\u09ae\u09be\u09a8\u09cd\u099f\u09bf\u0995\u0964 \u09a4\u09be\u0981\u09b0 \u0995\u09ac\u09bf\u09a4\u09be\u09b0 \u09ac\u09b9\u09c1 \u09aa\u0982\u0995\u09cd\u09a4\u09bf \u09b8\u09be\u09a7\u09be\u09b0\u09a3 \u09ae\u09be\u09a8\u09c1\u09b7\u09c7\u09b0 \u09ae\u09c1\u0996\u09b8\u09cd\u09a5\u0964 \u09b8\u09c1\u09a8\u09c0\u09b2 \u0997\u0999\u09cd\u0997\u09cb\u09aa\u09be\u09a7\u09cd\u09af\u09be\u09af\u09bc \"\u09a8\u09c0\u09b2\u09b2\u09cb\u09b9\u09bf\u09a4\", \"\u09b8\u09a8\u09be\u09a4\u09a8 \u09aa\u09be\u09a0\u0995\" \u0993 \"\u09a8\u09c0\u09b2 \u0989\u09aa\u09be\u09a7\u09cd\u09af\u09be\u09af\u09bc\" \u0987\u09a4\u09cd\u09af\u09be\u09a6\u09bf \u099b\u09a6\u09cd\u09ae\u09a8\u09be\u09ae \u09ac\u09cd\u09af\u09ac\u09b9\u09be\u09b0 \u0995\u09b0\u09c7\u099b\u09c7\u09a8\u0964",
        "slug": "gjszw"
    }
},
{
    "model": "author.bookauthor",
    "pk": 3,
    "fields": {
        "name": "\u09b0\u09ac\u09c0\u09a8\u09cd\u09a6\u09cd\u09b0\u09a8\u09be\u09a5 \u09a0\u09be\u0995\u09c1\u09b0",
        "image": "Author/23161.jpg",
        "bio": "\u09b0\u09ac\u09c0\u09a8\u09cd\u09a6\u09cd\u09b0\u09a8\u09be\u09a5 \u09a0\u09be\u0995\u09c1\u09b0 (\u09ed\u0987 \u09ae\u09c7, \u09e7\u09ee\u09ec\u09e7 - \u09ed\u0987 \u0986\u0997\u09b8\u09cd\u099f, \u09e7\u09ef\u09ea\u09e7) (\u09e8\u09eb \u09ac\u09c8\u09b6\u09be\u0996, \u09e7\u09e8\u09ec\u09ee - \u09e8\u09e8 \u09b6\u09cd\u09b0\u09be\u09ac\u09a3, \u09e7\u09e9\u09ea\u09ee \u09ac\u0999\u09cd\u0997\u09be\u09ac\u09cd\u09a6) \u099b\u09bf\u09b2\u09c7\u09a8 \u0985\u0997\u09cd\u09b0\u09a3\u09c0 \u09ac\u09be\u0999\u09be\u09b2\u09bf \u0995\u09ac\u09bf, \u0994\u09aa\u09a8\u09cd\u09af\u09be\u09b8\u09bf\u0995, \u09b8\u0982\u0997\u09c0\u09a4\u09b8\u09cd\u09b0\u09b7\u09cd\u099f\u09be, \u09a8\u09be\u099f\u09cd\u09af\u0995\u09be\u09b0, \u099a\u09bf\u09a4\u09cd\u09b0\u0995\u09b0, \u099b\u09cb\u099f\u0997\u09b2\u09cd\u09aa\u0995\u09be\u09b0, \u09aa\u09cd\u09b0\u09be\u09ac\u09a8\u09cd\u09a7\u09bf\u0995, \u0985\u09ad\u09bf\u09a8\u09c7\u09a4\u09be, \u0995\u09a3\u09cd\u09a0\u09b6\u09bf\u09b2\u09cd\u09aa\u09c0 \u0993 \u09a6\u09be\u09b0\u09cd\u09b6\u09a8\u09bf\u0995\u0964 \u09a4\u09be\u0981\u0995\u09c7 \u09ac\u09be\u0982\u09b2\u09be \u09ad\u09be\u09b7\u09be\u09b0 \u09b8\u09b0\u09cd\u09ac\u09b6\u09cd\u09b0\u09c7\u09b7\u09cd\u09a0 \u09b8\u09be\u09b9\u09bf\u09a4\u09cd\u09af\u09bf\u0995 \u09ae\u09a8\u09c7 \u0995\u09b0\u09be \u09b9\u09af\u09bc\u0964 \u09b0\u09ac\u09c0\u09a8\u09cd\u09a6\u09cd\u09b0\u09a8\u09be\u09a5\u0995\u09c7 \u0997\u09c1\u09b0\u09c1\u09a6\u09c7\u09ac, \u0995\u09ac\u09bf\u0997\u09c1\u09b0\u09c1 \u0993 \u09ac\u09bf\u09b6\u09cd\u09ac\u0995\u09ac\u09bf \u0985\u09ad\u09bf\u09a7\u09be\u09af\u09bc \u09ad\u09c2\u09b7\u09bf\u09a4 \u0995\u09b0\u09be \u09b9\u09af\u09bc\u0964 \u09b0\u09ac\u09c0\u09a8\u09cd\u09a6\u09cd\u09b0\u09a8\u09be\u09a5\u09c7\u09b0 \u09eb\u09e8\u099f\u09bf \u0995\u09be\u09ac\u09cd\u09af\u0997\u09cd\u09b0\u09a8\u09cd\u09a5, \u09e9\u09ee\u099f\u09bf \u09a8\u09be\u099f\u0995, \u09e7\u09e9\u099f\u09bf \u0989\u09aa\u09a8\u09cd\u09af\u09be\u09b8 \u0993 \u09e9\u09ec\u099f\u09bf \u09aa\u09cd\u09b0\u09ac\u09a8\u09cd\u09a7 \u0993 \u0985\u09a8\u09cd\u09af\u09be\u09a8\u09cd\u09af \u0997\u09a6\u09cd\u09af\u09b8\u0982\u0995\u09b2\u09a8 \u09a4\u09be\u0981\u09b0 \u099c\u09c0\u09ac\u09a6\u09cd\u09a6\u09b6\u09be\u09af\u09bc \u09ac\u09be \u09ae\u09c3\u09a4\u09cd\u09af\u09c1\u09b0 \u0985\u09ac\u09cd\u09af\u09ac\u09b9\u09bf\u09a4 \u09aa\u09b0\u09c7 \u09aa\u09cd\u09b0\u0995\u09be\u09b6\u09bf\u09a4 \u09b9\u09af\u09bc\u0964 \u09a4\u09be\u0981\u09b0 \u09b8\u09b0\u09cd\u09ac\u09ae\u09cb\u099f \u09ef\u09eb\u099f\u09bf \u099b\u09cb\u099f\u0997\u09b2\u09cd\u09aa \u0993 \u09e7\u09ef\u09e7\u09eb\u099f\u09bf \u0997\u09be\u09a8 \u09af\u09a5\u09be\u0995\u09cd\u09b0\u09ae\u09c7 \u0997\u09b2\u09cd\u09aa\u0997\u09c1\u099a\u09cd\u099b \u0993 \u0997\u09c0\u09a4\u09ac\u09bf\u09a4\u09be\u09a8 \u09b8\u0982\u0995\u09b2\u09a8\u09c7\u09b0 \u0985\u09a8\u09cd\u09a4\u09b0\u09cd\u09ad\u09c1\u0995\u09cd\u09a4 \u09b9\u09af\u09bc\u09c7\u099b\u09c7\u0964 \u09b0\u09ac\u09c0\u09a8\u09cd\u09a6\u09cd\u09b0\u09a8\u09be\u09a5\u09c7\u09b0 \u09af\u09be\u09ac\u09a4\u09c0\u09af\u09bc \u09aa\u09cd\u09b0\u0995\u09be\u09b6\u09bf\u09a4 \u0993 \u0997\u09cd\u09b0\u09a8\u09cd\u09a5\u09be\u0995\u09be\u09b0\u09c7 \u0985\u09aa\u09cd\u09b0\u0995\u09be\u09b6\u09bf\u09a4 \u09b0\u099a\u09a8\u09be \u09e9\u09e8 \u0996\u09a3\u09cd\u09a1\u09c7 \u09b0\u09ac\u09c0\u09a8\u09cd\u09a6\u09cd\u09b0 \u09b0\u099a\u09a8\u09be\u09ac\u09b2\u09c0 \u09a8\u09be\u09ae\u09c7 \u09aa\u09cd\u09b0\u0995\u09be\u09b6\u09bf\u09a4 \u09b9\u09af\u09bc\u09c7\u099b\u09c7\u0964 \u09b0\u09ac\u09c0\u09a8\u09cd\u09a6\u09cd\u09b0\u09a8\u09be\u09a5\u09c7\u09b0 \u09af\u09be\u09ac\u09a4\u09c0\u09af\u09bc \u09aa\u09a4\u09cd\u09b0\u09b8\u09be\u09b9\u09bf\u09a4\u09cd\u09af \u0989\u09a8\u09bf\u09b6 \u0996\u09a3\u09cd\u09a1\u09c7 \u099a\u09bf\u09a0\u09bf\u09aa\u09a4\u09cd\u09b0 \u0993 \u099a\u09be\u09b0\u099f\u09bf \u09aa\u09c3\u09a5\u0995 \u0997\u09cd\u09b0\u09a8\u09cd\u09a5\u09c7 \u09aa\u09cd\u09b0\u0995\u09be\u09b6\u09bf\u09a4\u0964 \u098f\u099b\u09be\u09a1\u09bc\u09be \u09a4\u09bf\u09a8\u09bf \u09aa\u09cd\u09b0\u09be\u09af\u09bc \u09a6\u09c1\u0987 \u09b9\u09be\u099c\u09be\u09b0 \u099b\u09ac\u09bf \u098f\u0981\u0995\u09c7\u099b\u09bf\u09b2\u09c7\u09a8\u0964 \u09b0\u09ac\u09c0\u09a8\u09cd\u09a6\u09cd\u09b0\u09a8\u09be\u09a5\u09c7\u09b0 \u09b0\u099a\u09a8\u09be \u09ac\u09bf\u09b6\u09cd\u09ac\u09c7\u09b0 \u09ac\u09bf\u09ad\u09bf\u09a8\u09cd\u09a8 \u09ad\u09be\u09b7\u09be\u09af\u09bc \u0985\u09a8\u09c2\u09a6\u09bf\u09a4 \u09b9\u09af\u09bc\u09c7\u099b\u09c7\u0964 \u09e7\u09ef\u09e7\u09e9 \u09b8\u09be\u09b2\u09c7 \u0997\u09c0\u09a4\u09be\u099e\u09cd\u099c\u09b2\u09bf \u0995\u09be\u09ac\u09cd\u09af\u0997\u09cd\u09b0\u09a8\u09cd\u09a5\u09c7\u09b0 \u0987\u0982\u09b0\u09c7\u099c\u09bf \u0985\u09a8\u09c1\u09ac\u09be\u09a6\u09c7\u09b0 \u099c\u09a8\u09cd\u09af \u09a4\u09bf\u09a8\u09bf \u09b8\u09be\u09b9\u09bf\u09a4\u09cd\u09af\u09c7 \u09a8\u09cb\u09ac\u09c7\u09b2 \u09aa\u09c1\u09b0\u09b8\u09cd\u0995\u09be\u09b0 \u09b2\u09be\u09ad \u0995\u09b0\u09c7\u09a8\u0964",
        "slug": "la5ru2bk6"
    }
},
{
    "model": "author.bookauthor",
    "pk": 4,
    "fields": {
        "name": "\u09ae\u09c1\u09b9\u09ae\u09cd\u09ae\u09a6 \u099c\u09be\u09ab\u09b0 \u0987\u0995\u09ac\u09be\u09b2",
        "image": "Author/82369.jpg",
        "bio": "\u09ae\u09c1\u09b9\u09ae\u09cd\u09ae\u09a6 \u099c\u09be\u09ab\u09b0 \u0987\u0995\u09ac\u09be\u09b2 (\u099c\u09a8\u09cd\u09ae\u0983 \u09e8\u09e9 \u09a1\u09bf\u09b8\u09c7\u09ae\u09cd\u09ac\u09b0 \u09e7\u09ef\u09eb\u09e8) \u09b9\u09b2\u09c7\u09a8 \u098f\u0995\u099c\u09a8 \u09ac\u09be\u0982\u09b2\u09be\u09a6\u09c7\u09b6\u09c0 \u09b2\u09c7\u0996\u0995, \u09aa\u09a6\u09be\u09b0\u09cd\u09a5\u09ac\u09bf\u09a6 \u0993 \u09b6\u09bf\u0995\u09cd\u09b7\u09be\u09ac\u09bf\u09a6\u0964\u09a4\u09be\u09b0 \u09aa\u09bf\u09a4\u09be \u09ae\u09c1\u0995\u09cd\u09a4\u09bf\u09af\u09cb\u09a6\u09cd\u09a7\u09be \u09b6\u09b9\u09c0\u09a6 \u09ab\u09af\u09bc\u099c\u09c1\u09b0 \u09b0\u09b9\u09ae\u09be\u09a8 \u0986\u09b9\u09ae\u09a6 \u098f\u09ac\u0982 \u09ae\u09be \u0986\u09af\u09bc\u09c7\u09b6\u09be \u0986\u0996\u09a4\u09be\u09b0 \u0996\u09be\u09a4\u09c1\u09a8\u0964 \u09ac\u09be\u09ac\u09be \u09ab\u09af\u09bc\u099c\u09c1\u09b0 \u09b0\u09b9\u09ae\u09be\u09a8 \u0986\u09b9\u09ae\u09a6\u09c7\u09b0 \u09aa\u09c1\u09b2\u09bf\u09b6\u09c7\u09b0 \u099a\u09be\u0995\u09b0\u09bf\u09b0 \u09b8\u09c1\u09ac\u09be\u09a6\u09c7 \u09a4\u09be\u09b0 \u099b\u09cb\u099f\u09ac\u09c7\u09b2\u09be \u0995\u09c7\u099f\u09c7\u099b\u09c7 \u09ac\u09be\u0982\u09b2\u09be\u09a6\u09c7\u09b6\u09c7\u09b0 \u09ac\u09bf\u09ad\u09bf\u09a8\u09cd\u09a8 \u099c\u09be\u09af\u09bc\u0997\u09be\u09af\u09bc\u0964 \u09ae\u09c1\u09b9\u09ae\u09cd\u09ae\u09a6 \u099c\u09be\u09ab\u09b0 \u0987\u0995\u09ac\u09be\u09b2\u09c7\u09b0 \u09a8\u09be\u09ae \u0986\u0997\u09c7 \u099b\u09bf\u09b2 \u09ac\u09be\u09ac\u09c1\u09b2\u0964 \u09a4\u09be\u0995\u09c7 \u09ac\u09be\u0982\u09b2\u09be\u09a6\u09c7\u09b6\u09c7 \u09ac\u09c8\u099c\u09cd\u099e\u09be\u09a8\u09bf\u0995 \u0995\u09b2\u09cd\u09aa\u0995\u09be\u09b9\u09bf\u09a8\u09c0 \u09b2\u09c7\u0996\u09be \u0993 \u099c\u09a8\u09aa\u09cd\u09b0\u09bf\u09af\u09bc\u0995\u09b0\u09a3\u09c7\u09b0 \u09aa\u09a5\u09bf\u0995\u09c3\u09a4 \u09b9\u09bf\u09b8\u09be\u09ac\u09c7 \u0997\u09a3\u09cd\u09af \u0995\u09b0\u09be \u09b9\u09af\u09bc\u0964 \u098f\u099b\u09be\u09a1\u09bc\u09be\u0993 \u09a4\u09bf\u09a8\u09bf \u098f\u0995\u099c\u09a8 \u099c\u09a8\u09aa\u09cd\u09b0\u09bf\u09af\u09bc \u09b6\u09bf\u09b6\u09c1\u09b8\u09be\u09b9\u09bf\u09a4\u09cd\u09af\u09bf\u0995 \u098f\u09ac\u0982 \u0995\u09b2\u09be\u09ae-\u09b2\u09c7\u0996\u0995\u0964 \u09ae\u09c1\u09b9\u09ae\u09cd\u09ae\u09a6 \u099c\u09be\u09ab\u09b0 \u0987\u0995\u09ac\u09be\u09b2\u09c7\u09b0 \u09b2\u09c7\u0996\u09be \u09ac\u09c7\u09b6 \u0995\u09af\u09bc\u09c7\u0995\u099f\u09bf \u0989\u09aa\u09a8\u09cd\u09af\u09be\u09b8 \u099a\u09b2\u099a\u09cd\u099a\u09bf\u09a4\u09cd\u09b0\u09c7 \u09b0\u09c2\u09aa\u09be\u09af\u09bc\u09bf\u09a4 \u09b9\u09af\u09bc\u09c7\u099b\u09c7\u0964\u099c\u09be\u09ab\u09b0 \u0987\u0995\u09ac\u09be\u09b2 \u09e7\u09ef\u09ec\u09ee \u09b8\u09be\u09b2\u09c7 \u09ac\u0997\u09c1\u09a1\u09bc\u09be \u099c\u09bf\u09b2\u09be \u09b8\u09cd\u0995\u09c1\u09b2 \u09a5\u09c7\u0995\u09c7 \u098f\u09b8\u098f\u09b8\u09b8\u09bf \u098f\u09ac\u0982 \u09e7\u09ef\u09ed\u09e6 \u09b8\u09be\u09b2\u09c7 \u09a2\u09be\u0995\u09be \u0995\u09b2\u09c7\u099c \u09a5\u09c7\u0995\u09c7 \u098f\u0987\u099a\u098f\u09b8\u09b8\u09bf \u09aa\u09be\u09b6 \u0995\u09b0\u09c7\u09a8\u0964 \u09a4\u09bf\u09a8\u09bf \u09e7\u09ef\u09ed\u09e8 \u09b8\u09be\u09b2\u09c7 \u09a2\u09be\u0995\u09be \u09ac\u09bf\u09b6\u09cd\u09ac\u09ac\u09bf\u09a6\u09cd\u09af\u09be\u09b2\u09af\u09bc\u09c7\u09b0 \u09aa\u09a6\u09be\u09b0\u09cd\u09a5\u09ac\u09bf\u099c\u09cd\u099e\u09be\u09a8 \u09ac\u09bf\u09ad\u09be\u0997\u09c7 \u09ad\u09b0\u09cd\u09a4\u09bf \u09b9\u09a8\u0964 \u09e7\u09ef\u09ed\u09ec \u09b8\u09be\u09b2\u09c7 \u09a4\u09bf\u09a8\u09bf \u09af\u09c1\u0995\u09cd\u09a4\u09b0\u09be\u09b7\u09cd\u099f\u09cd\u09b0\u09c7\u09b0 \u0993\u09af\u09bc\u09be\u09b6\u09bf\u0982\u099f\u09a8 \u09ac\u09bf\u09b6\u09cd\u09ac\u09ac\u09bf\u09a6\u09cd\u09af\u09be\u09b2\u09af\u09bc\u09c7 \u09aa\u09a1\u09bc\u09a4\u09c7 \u09af\u09be\u09a8\u0964 \u09a4\u09be\u0981\u09b0 \u09ac\u09bf\u09b7\u09af\u09bc \u099b\u09bf\u09b2 - 'Parity violation in Hydrogen Atom. \u09b8\u09c7\u0996\u09be\u09a8\u09c7 \u09aa\u09bf\u098f\u0987\u099a\u09a1\u09bf \u0995\u09b0\u09be\u09b0 \u09aa\u09b0 \u09ac\u09bf\u0996\u09cd\u09af\u09be\u09a4 \u0995\u09cd\u09af\u09be\u09b2\u099f\u09c7\u0995 \u09a5\u09c7\u0995\u09c7 \u09a4\u09be\u09b0 \u09a1\u0995\u09cd\u099f\u09b0\u09c7\u099f-\u0989\u09a4\u09cd\u09a4\u09b0 \u0997\u09ac\u09c7\u09b7\u09a3\u09be \u09b8\u09ae\u09cd\u09aa\u09a8\u09cd\u09a8 \u0995\u09b0\u09c7\u09a8\u0964 \u09a4\u09bf\u09a8\u09bf \u09ac\u09b0\u09cd\u09a4\u09ae\u09be\u09a8\u09c7 \u09b6\u09be\u09b9\u099c\u09be\u09b2\u09be\u09b2 \u09ac\u09bf\u099c\u09cd\u099e\u09be\u09a8 \u0993 \u09aa\u09cd\u09b0\u09af\u09c1\u0995\u09cd\u09a4\u09bf \u09ac\u09bf\u09b6\u09cd\u09ac\u09ac\u09bf\u09a6\u09cd\u09af\u09be\u09b2\u09af\u09bc\u09c7 \u0995\u09ae\u09cd\u09aa\u09bf\u0989\u099f\u09be\u09b0 \u09ac\u09bf\u099c\u09cd\u099e\u09be\u09a8 \u0993 \u09aa\u09cd\u09b0\u0995\u09cc\u09b6\u09b2 \u09ac\u09bf\u09ad\u09be\u0997\u09c7\u09b0 \u098f\u0995\u099c\u09a8 \u0985\u09a7\u09cd\u09af\u09be\u09aa\u0995 \u098f\u09ac\u0982 \u09a4\u09a1\u09bc\u09bf\u09ce \u0995\u09cc\u09b6\u09b2 \u09ac\u09bf\u09ad\u09be\u0997\u09c7\u09b0 \u09aa\u09cd\u09b0\u09a7\u09be\u09a8\u0964\u09ac\u09be\u0982\u09b2\u09be\u09a6\u09c7\u09b6 \u0997\u09a3\u09bf\u09a4 \u0985\u09b2\u09bf\u09ae\u09cd\u09aa\u09bf\u09af\u09bc\u09be\u09a1 \u0997\u09a1\u09bc\u09c7 \u09a4\u09cb\u09b2\u09be\u09b0 \u09aa\u09bf\u099b\u09a8\u09c7 \u09a4\u09be\u0981\u09b0 \u0985\u09b8\u09be\u09ae\u09be\u09a8\u09cd\u09af \u0985\u09ac\u09a6\u09be\u09a8 \u09b0\u09af\u09bc\u09c7\u099b\u09c7\u0964 \u0997\u09a3\u09bf\u09a4 \u09b6\u09bf\u0995\u09cd\u09b7\u09be\u09b0 \u0989\u09aa\u09b0 \u09a4\u09bf\u09a8\u09bf \u0993 \u0985\u09a7\u09cd\u09af\u09be\u09aa\u0995 \u09ae\u09cb\u09b9\u09be\u09ae\u09cd\u09ae\u09a6 \u0995\u09be\u09af\u09bc\u0995\u09cb\u09ac\u09be\u09a6 \u09ac\u09c7\u09b6 \u0995\u09af\u09bc\u09c7\u0995\u099f\u09bf \u09ac\u0987 \u09b0\u099a\u09a8\u09be \u0995\u09b0\u09c7\u099b\u09c7\u09a8\u0964 \u098f\u09b0 \u09ae\u09be\u099d\u09c7 \"\u09a8\u09bf\u0989\u09b0\u09a8\u09c7 \u0985\u09a8\u09c1\u09b0\u09a3\u09a8\" \u0993 \"\u09a8\u09bf\u0989\u09b0\u09a8\u09c7 \u0986\u09ac\u09be\u09b0\u09cb \u0985\u09a8\u09c1\u09b0\u09a3\u09a8\" \u09ac\u0987 \u09a6\u09c1\u099f\u09bf \u0997\u09a8\u09bf\u09a4\u09c7 \u0986\u0997\u09cd\u09b0\u09b9\u09c0\u09a6\u09c7\u09b0 \u0995\u09be\u099b\u09c7 \u0996\u09c1\u09ac \u099c\u09a8\u09aa\u09cd\u09b0\u09bf\u09af\u09bc\u09a4\u09be \u09b2\u09be\u09ad \u0995\u09b0\u09c7\u099b\u09c7\u0964 \u09ac\u09be\u0982\u09b2\u09be\u09a6\u09c7\u09b6\u09c7\u09b0 \u0985\u09a4\u09cd\u09af\u09a8\u09cd\u09a4 \u099c\u09a8\u09aa\u09cd\u09b0\u09bf\u09af\u09bc \u0994\u09aa\u09a8\u09cd\u09af\u09be\u09b8\u09bf\u0995 \u09b9\u09c1\u09ae\u09be\u09af\u09bc\u09c2\u09a8 \u0986\u09b9\u09ae\u09c7\u09a6 \u09a4\u09be\u09b0 \u09ac\u09a1\u09bc \u09ad\u09be\u0987 \u098f\u09ac\u0982 \u09b0\u09ae\u09cd\u09af \u09ae\u09cd\u09af\u09be\u0997\u09be\u099c\u09bf\u09a8 \u0989\u09a8\u09cd\u09ae\u09be\u09a6\u09c7\u09b0 \u09b8\u09ae\u09cd\u09aa\u09be\u09a6\u0995 \u0993 \u0995\u09be\u09b0\u09cd\u099f\u09c1\u09a8\u09bf\u09b8\u09cd\u099f, \u09b8\u09be\u09b9\u09bf\u09a4\u09cd\u09af\u09bf\u0995 \u0986\u09b9\u09b8\u09be\u09a8 \u09b9\u09be\u09ac\u09c0\u09ac \u09a4\u09be\u09b0 \u099b\u09cb\u099f \u09ad\u09be\u0987\u0964",
        "slug": "n01upeech"
    }
},
{
    "model": "author.bookauthor",
    "pk": 5,
    "fields": {
        "name": "\u099a\u09ae\u0995 \u09b9\u09be\u09b8\u09be\u09a8",
        "image": "Author/58025.jpeg",
        "bio": "\u0986\u09ae\u09be\u09b0 \u099c\u09a8\u09cd\u09ae \u09e8\u09ee \u099c\u09c1\u09b2\u09be\u0987, \u09e7\u09ef\u09ee\u09ec -\u0995\u09c1\u09b7\u09cd\u099f\u09bf\u09af\u09bc\u09be\u09a4\u09c7\u0964 \u098f\u0987\u099a \u098f\u09b8 \u09b8\u09bf \u09aa\u09b0\u09cd\u09af\u09a8\u09cd\u09a4 \u09b2\u09c7\u0996\u09be\u09aa\u09a1\u09bc\u09be \u0993\u0996\u09be\u09a8\u09c7\u0987\u0964 \u098f\u09b0\u09aa\u09b0 \u09ac\u09c1\u09af\u09bc\u09c7\u099f \u09a5\u09c7\u0995\u09c7 \u09a4\u09a1\u09bc\u09bf\u09ce \u0995\u09cc\u09b6\u09b2\u09c7 \u09b8\u09cd\u09a8\u09be\u09a4\u0995 \u09b6\u09c7\u09b7 \u0995\u09b0\u09c7 \u098f\u0996\u09a8 \u09af\u09c1\u0995\u09cd\u09a4\u09b0\u09be\u09b7\u09cd\u099f\u09cd\u09b0\u09c7\u09b0 \u0987\u0989\u09a8\u09bf\u09ad\u09be\u09b0\u09cd\u09b8\u09bf\u099f\u09bf \u0985\u09ab \u09b8\u09be\u0989\u09a5 \u0995\u09cd\u09af\u09be\u09b0\u09cb\u09b2\u09be\u0987\u09a8\u09be\u09a4\u09c7 \u09aa\u09bf \u098f\u0987\u099a \u09a1\u09bf-\u09b0 \u099c\u09a8\u09cd\u09af \u09aa\u09a1\u09bc\u09be\u09b2\u09c7\u0996\u09be \u0995\u09b0\u099b\u09bf\u0964 \u09ad\u09be\u09b2\u09cb \u09b2\u09be\u0997\u09c7 \u0997\u09be\u0987\u09a4\u09c7, \u09aa\u09a1\u09bc\u09a4\u09c7, \u09b6\u09bf\u0996\u09a4\u09c7; \u0986\u09b0\u0993 \u09ac\u09c7\u09b6\u09bf \u09ad\u09be\u09b2\u09cb \u09b2\u09be\u0997\u09c7 \u09aa\u09a1\u09bc\u09be\u09a4\u09c7, \u099c\u09cd\u099e\u09be\u09a8 \u09b6\u09c7\u09af\u09bc\u09be\u09b0 \u0995\u09b0\u09a4\u09c7\u0964| \u09ae\u09be\u09a8\u09c1\u09b7 \u09b9\u09bf\u09b8\u09c7\u09ac\u09c7 \u09ac\u09c7\u09b6 \u0995\u09bf\u099b\u09c1\u099f\u09be \u0985\u09b2\u09b8 \u0986\u09b0 \u098f\u0995\u099f\u09c1 \u09ac\u09be\u09a1\u09bc\u09be\u09ac\u09be\u09a1\u09bc\u09bf \u09b0\u0995\u09ae \u0986\u09b6\u09be\u09ac\u09be\u09a6\u09c0\u0964 \u09b8\u09cd\u09ac\u09aa\u09cd\u09a8 \u0986\u099b\u09c7 \u0985\u09a8\u09c7\u0995 \u0964 \u09aa\u09c3\u09a5\u09bf\u09ac\u09c0\u09b0 \u09b8\u09ac\u099a\u09c7\u09af\u09bc\u09c7 \u09b8\u09b9\u099c \u09ad\u09be\u09b7\u09be\u09af\u09bc \u09b2\u09c7\u0996\u09be \u09b8\u09ac\u099a\u09c7\u09af\u09bc\u09c7 \u0986\u09a8\u09a8\u09cd\u09a6\u09ae\u09af\u09bc \u09aa\u09be\u09a0\u09cd\u09af\u09ac\u0987 \u09aa\u09a1\u09bc\u09ac\u09c7\u0964 \u0995\u09a0\u09bf\u09a8 \u09ae\u09be\u09b8\u09cd\u099f\u09be\u09b0\u09ae\u09b6\u09be\u09af\u09bc\u09c7\u09b0 \u0995\u09a1\u09bc\u09be \u09ad\u09be\u09b7\u09be\u09af\u09bc \u0997\u09be\u09b2\u09bf \u09b6\u09c1\u09a8\u09c7 \u09a8\u09af\u09bc , \u0993\u09b0\u09be \u09ac\u09a1\u09bc \u09b9\u09ac\u09c7 \u09ac\u09bf\u099c\u09cd\u099e\u09be\u09a8\u0995\u09c7 \u09ad\u09be\u09b2\u09cb\u09ac\u09c7\u09b8\u09c7\u0964 \u0993\u09b0\u09be \u09b6\u09c1\u09a7\u09c1 \u09ae\u09c1\u0996\u09b8\u09cd\u09a5 \u0995\u09b0\u09c7 \u09aa\u09be\u09b6 \u0995\u09c0 \u09b9\u099a\u09cd\u099b\u09c7\u0964 \u0997\u09a3\u09bf\u09a4 \u0985\u09b2\u09bf\u09ae\u09cd\u09aa\u09bf\u09af\u09bc\u09be\u09a1 \u09b6\u09c1\u09b0\u09c1\u09b0 \u09b8\u09be\u09a5\u09c7 \u09b8\u09be\u09a5\u09c7 \u098f\u0987 \u0986\u09a8\u09cd\u09a6\u09cb\u09b2\u09a8\u099f\u09be\u0993 \u09b6\u09c1\u09b0\u09c1 \u09b9\u09af\u09bc\u09c7 \u0997\u09c7\u099b\u09c7\u0964 \u098f\u099f\u09be \u099a\u09b2\u09ac\u09c7\u0964 \u0986\u09ae\u09bf \u09b8\u09c7\u0987 \u0986\u09a8\u09cd\u09a6\u09cb\u09b2\u09a8\u09c7 \u09b8\u09be\u09ae\u09be\u09a8\u09cd\u09af \u098f\u0995\u099c\u09a8 \u0995\u09b0\u09cd\u09ae\u09c0 \u09b9\u09af\u09bc\u09c7 \u09a5\u09be\u0995\u09a4\u09c7 \u099a\u09be\u0987\u0964 \u0986\u09b0 \u098f \u099c\u09a8\u09cd\u09af\u0987 -\u09b2\u09c7\u0996\u09be\u09b2\u09c7\u0996\u09bf\u099f\u09be \u099a\u09be\u09b2\u09bf\u09af\u09bc\u09c7 \u09af\u09be\u09ac- \u09a0\u09bf\u0995 \u0995\u09b0\u09c7\u099b\u09bf\u0964 \u09aa\u09be\u09a0\u0995\u09c7\u09b0 \u09af\u09c7\u0995\u09cb\u09a8 \u09ae\u09a8\u09cd\u09a4\u09ac\u09cd\u09af \u0986\u09ae\u09be\u09b0 \u0995\u09be\u099b\u09c7 \u0985\u09a4\u09cd\u09af\u09a8\u09cd\u09a4 \u0997\u09c1\u09b0\u09c1\u09a4\u09cd\u09ac\u09aa\u09c2\u09b0\u09cd\u09a3, \u0995\u09c7\u09a8\u09a8\u09be \u09ae\u09a8\u09cd\u09a4\u09ac\u09c7 \u09aa\u09cd\u09b0\u09a4\u09bf\u09ae\u09a8\u09cd\u09a4\u09ac\u09cd\u09af\u09c7\u09b0 \u099a\u09a1\u09bc\u09be\u0987-\u0989\u09ce\u09b0\u09be\u0987 \u09aa\u09c7\u09b0\u09bf\u09af\u09bc\u09c7\u0987 \u09b2\u09c7\u0996\u0995 \u09ac\u09cd\u09af\u09be\u09aa\u09be\u09b0\u0997\u09c1\u09b2\u09cb \u0989\u09a8\u09cd\u09ae\u09cb\u099a\u09bf\u09a4 \u09b9\u09ac\u09c7 \u098f\u09ac\u0982 \u09b8\u09c7\u0987 \u09a8\u09bf\u09b0\u09bf\u0996\u09c7 \u09a8\u09bf\u099c\u09c7\u0995\u09c7 \u0997\u09a1\u09bc\u09c7-\u09aa\u09bf\u099f\u09c7 \u09a8\u09c7\u09ac\u09be\u09b0 \u09b8\u09c1\u09af\u09cb\u0997 \u09aa\u09be\u09ac\u0964",
        "slug": "zcg86xnri"
    }
},
{
    "model": "author.bookauthor",
    "pk": 6,
    "fields": {
        "name": "\u09a1. \u0996\u09cb\u09a8\u09cd\u09a6\u0995\u09be\u09b0 \u0986\u09ac\u09cd\u09a6\u09c1\u09b2\u09cd\u09b2\u09be\u09b9 \u099c\u09be\u09b9\u09be\u0999\u09cd\u0997\u09c0\u09b0",
        "image": "Author/73328.jpg",
        "bio": "\u09a1. \u0986\u09ac\u09a6\u09c1\u09b2\u09cd\u09b2\u09be\u09b9 \u099c\u09be\u09b9\u09be\u0999\u09cd\u0997\u09c0\u09b0 \u099b\u09bf\u09b2\u09c7\u09a8 \u098f\u0995\u09be\u09a7\u09be\u09b0\u09c7 \u0987\u09b8\u09b2\u09be\u09ae\u09c0 \u099a\u09bf\u09a8\u09cd\u09a4\u09be\u09ac\u09bf\u09a6, \u099f\u09bf\u09ad\u09bf \u0986\u09b2\u09cb\u099a\u0995, \u0987\u09b8\u09b2\u09be\u09ae\u09c0 \u09ac\u09bf\u09b6\u09cd\u09ac\u09ac\u09bf\u09a6\u09cd\u09af\u09be\u09b2\u09df\u09c7\u09b0 (\u0987\u09ac\u09bf) \u0986\u09b2 \u09b9\u09be\u09a6\u09bf\u09b8 \u0985\u09cd\u09af\u09be\u09a8\u09cd\u09a1 \u0987\u09b8\u09b2\u09be\u09ae\u09bf\u0995 \u09b8\u09cd\u099f\u09be\u09a1\u09bf\u09b8 \u09ac\u09bf\u09ad\u09be\u0997\u09c7\u09b0 \u0985\u09a7\u09cd\u09af\u09be\u09aa\u0995 \u0986\u09b2\u09c7\u09ae, \u0997\u09ac\u09c7\u09b7\u0995 \u0993 \u09b2\u09c7\u0996\u0995 \u0964 \u09a4\u09bf\u09a8\u09bf \u09aa\u09bf\u09b8 \u099f\u09bf\u09ad\u09bf, \u0987\u09b8\u09b2\u09be\u09ae\u09bf\u0995 \u099f\u09bf\u09ad\u09bf, \u098f\u099f\u09bf\u098f\u09a8 \u0993 \u098f\u09a8\u099f\u09bf\u09ad\u09bf\u09b8\u09b9 \u09ac\u09bf\u09ad\u09bf\u09a8\u09cd\u09a8 \u099f\u09bf\u09ad\u09bf\u09a4\u09c7 \u0987\u09b8\u09b2\u09be\u09ae\u09c7\u09b0 \u09b8\u09ae\u09b8\u09be\u09ae\u09df\u09bf\u0995 \u09ac\u09bf\u09b7\u09df \u09a8\u09bf\u09df\u09c7 \u0986\u09b2\u09cb\u099a\u09a8\u09be \u0995\u09b0\u09a4\u09c7\u09a8\u0964 \u09ab\u09b0\u09c7\u09a8 \u099f\u09c7\u09b2\u09bf\u09ad\u09bf\u09b6\u09a8 \u099a\u09cd\u09af\u09be\u09a8\u09c7\u09b2 \u0986\u0987\u099f\u09bf\u09ad\u09bf \u0987\u0989\u098f\u09b8-\u098f\u09b0 \u0989\u09aa\u09a6\u09c7\u09b7\u09cd\u099f\u09be \u099b\u09bf\u09b0\u09c7\u09a8 \u09a4\u09bf\u09a8\u09bf \u0964 \u098f\u099b\u09be\u09dc\u09be\u0993 \u09a4\u09bf\u09a8\u09bf \u09a6\u09c7\u09b6-\u09ac\u09bf\u09a6\u09c7\u09b6\u09c7\u09b0 \u09ac\u09bf\u09ad\u09bf\u09a8\u09cd\u09a8 \u09b8\u09bf\u09ae\u09cd\u09aa\u09cb\u099c\u09bf\u09df\u09be\u09ae, \u09b8\u09c7\u09ae\u09bf\u09a8\u09be\u09b0, \u09ae\u09b8\u099c\u09bf\u09a6\u09c7\u09b0 \u0996\u09c1\u09a4\u09ac\u09be\u09df \u0993 \u099f\u09bf\u09ad\u09bf \u0986\u09b2\u09cb\u099a\u09a8\u09be\u09df \u0996\u09cd\u09b0\u09bf\u09b8\u09cd\u099f\u09be\u09a8 \u09ae\u09bf\u09b6\u09a8\u09be\u09b0\u09bf\u09a6\u09c7\u09b0 \u09a6\u09cd\u09ac\u09be\u09b0\u09be \u09aa\u09cd\u09b0\u09a4\u09be\u09b0\u09bf\u09a4 \u09b9\u09df\u09c7 \u09a6\u09c7\u09b6\u09c7\u09b0 \u09b8\u09b9\u099c-\u09b8\u09b0\u09b2 \u09ae\u09c1\u09b8\u09b2\u09ae\u09be\u09a8\u09a6\u09c7\u09b0 \u09a7\u09b0\u09cd\u09ae\u09be\u09a8\u09cd\u09a4\u09b0\u09bf\u09a4 \u09b9\u0993\u09df\u09be\u09b0 \u09ac\u09bf\u09b7\u09df\u0997\u09c1\u09b2\u09cb \u0986\u09b2\u09cb\u099a\u09a8\u09be \u0995\u09b0\u09c7 \u099c\u09a8\u09b8\u099a\u09c7\u09a4\u09a8\u09a4\u09be \u09a4\u09c8\u09b0\u09bf \u0995\u09b0\u09c7 \u0986\u09b8\u099b\u09bf\u09b2\u09c7\u09a8\u0964 \u098f\u0987 \u09ac\u09b0\u09c7\u09a3\u09cd\u09af \u09ac\u09cd\u09af\u0995\u09cd\u09a4\u09bf\u09a4\u09cd\u09ac\u09c7\u09b0 \u099c\u09a8\u09cd\u09ae \u09b9\u09df \u09e7\u09ef\u09ec\u09e7 \u09b8\u09be\u09b2\u09c7\u09b0 \u09e7 \u09ab\u09c7\u09ac\u09cd\u09b0\u09c1\u09df\u09be\u09b0\u09bf \u099d\u09bf\u09a8\u09be\u0987\u09a6\u09b9\u09c7\u09b0 \u09a7\u09cb\u09aa\u09be\u0998\u09be\u099f \u0997\u09cb\u09ac\u09bf\u09a8\u09cd\u09a6\u09aa\u09c1\u09b0 \u0997\u09cd\u09b0\u09be\u09ae\u09c7\u0964 \u09a4\u09be\u09b0 \u09aa\u09bf\u09a4\u09be \u0996\u09cb\u09a8\u09cd\u09a6\u0995\u09be\u09b0 \u0986\u09a8\u0993\u09df\u09be\u09b0\u09c1\u099c\u09cd\u099c\u09be\u09ae\u09be\u09a8 \u0993 \u09ae\u09be \u09ac\u09c7\u0997\u09ae \u09b2\u09c1\u09ce\u09ab\u09c1\u09a8\u09cd\u09a8\u09be\u09b9\u09be\u09b0\u0964\u09a4\u09bf\u09a8\u09bf \u09e7\u09ef\u09ed\u09e9 \u09b8\u09be\u09b2\u09c7 \u09a2\u09be\u0995\u09be \u09b8\u09b0\u0995\u09be\u09b0\u09bf \u0986\u09b2\u09bf\u09df\u09be \u09ae\u09be\u09a6\u09cd\u09b0\u09be\u09b8\u09be \u09a5\u09c7\u0995\u09c7 \u09a6\u09be\u0996\u09bf\u09b2 \u09aa\u09be\u09b6 \u0995\u09b0\u09c7\u09a8 \u0964 \u098f\u09b0\u09aa\u09b0 \u098f\u0995\u0987 \u09aa\u09cd\u09b0\u09a4\u09bf\u09b7\u09cd\u09a0\u09be\u09a8 \u09a5\u09c7\u0995\u09c7 \u09e7\u09ef\u09ed\u09eb \u09b8\u09be\u09b2\u09c7 \u0986\u09b2\u09bf\u09ae \u098f\u09ac\u0982 \u09e7\u09ef\u09ed\u09ed \u09b8\u09be\u09b2\u09c7 \u09ab\u09be\u099c\u09bf\u09b2 \u0993 \u09e7\u09ef\u09ed\u09ef \u09b8\u09be\u09b2\u09c7 \u09b9\u09be\u09a6\u09bf\u09b8 \u09ac\u09bf\u09ad\u09be\u0997 \u09a5\u09c7\u0995\u09c7 \u0995\u09be\u09ae\u09bf\u09b2 \u09aa\u09be\u09b8 \u0995\u09b0\u09be\u09b0 \u0989\u099a\u09cd\u099a\u09a4\u09b0 \u09b6\u09bf\u0995\u09cd\u09b7\u09be\u09b0 \u099c\u09a8\u09cd\u09af\u09c7 \u09b8\u09cc\u09a6\u09bf \u0986\u09b0\u09ac \u0997\u09ae\u09a8 \u0995\u09b0\u09c7\u09a8\u0964 \u09b0\u09bf\u09df\u09be\u09a6\u09c7 \u0985\u09ac\u09b8\u09cd\u09a5\u09bf\u09a4 \u0987\u09ae\u09be\u09ae \u09ae\u09c1\u09b9\u09be\u09ae\u09cd\u09ae\u09be\u09a6 \u09ac\u09bf\u09a8 \u09b8\u09be\u098a\u09a6 \u0987\u09b8\u09b2\u09be\u09ae\u09bf \u09ac\u09bf\u09b6\u09cd\u09ac\u09ac\u09bf\u09a6\u09cd\u09af\u09be\u09b2\u09df \u09a5\u09c7\u0995\u09c7 \u09a4\u09bf\u09a8\u09bf \u09e7\u09ef\u09ee\u09ec \u09b8\u09be\u09b2\u09c7 \u0985\u09a8\u09be\u09b0\u09cd\u09b8, \u09e7\u09ef\u09ef\u09e8 \u09b8\u09be\u09b2\u09c7 \u09ae\u09be\u09b8\u09cd\u099f\u09be\u09b0\u09cd\u09b8 \u0993 \u09e7\u09ef\u09ef\u09ee \u09b8\u09be\u09b2\u09c7 \u09aa\u09bf\u098f\u0987\u099a\u09a1\u09bf \u09a1\u09bf\u0997\u09cd\u09b0\u09bf \u0985\u09b0\u09cd\u099c\u09a8 \u0995\u09b0\u09c7\u09a8\u0964 \u09b2\u09c7\u0996\u09be\u09aa\u09dc\u09be\u09b0 \u09aa\u09be\u09b6\u09be\u09aa\u09be\u09b6\u09bf \u09e7\u09ef\u09ef\u09e9 \u09a5\u09c7\u0995\u09c7 \u09e7\u09ef\u09ef\u09ed \u09b8\u09be\u09b2 \u09aa\u09b0\u09cd\u09af\u09a8\u09cd\u09a4 \u09a4\u09bf\u09a8\u09bf \u0989\u09a4\u09cd\u09a4\u09b0 \u09b0\u09bf\u09df\u09be\u09a6 \u0987\u09b8\u09b2\u09be\u09ae\u09bf \u09b8\u09c7\u09a8\u09cd\u099f\u09be\u09b0\u09c7 \u09a6\u09be\u0988 \u0993 \u0985\u09a8\u09c1\u09ac\u09be\u09a6\u0995 \u09b9\u09bf\u09b8\u09c7\u09ac\u09c7 \u0995\u09b0\u09cd\u09ae\u09b0\u09a4 \u099b\u09bf\u09b2\u09c7\u09a8\u0964 \u09b2\u09c7\u0996\u09be\u09aa\u09dc\u09be \u09b6\u09c7\u09b7 \u0995\u09b0\u09c7 \u09e7\u09ef\u09ef\u09ee \u09b8\u09be\u09b2\u09c7 \u0995\u09c1\u09b7\u09cd\u099f\u09bf\u09df\u09be \u0987\u09b8\u09b2\u09be\u09ae\u09bf \u09ac\u09bf\u09b6\u09cd\u09ac\u09ac\u09bf\u09a6\u09cd\u09af\u09be\u09b2\u09df\u09c7\u09b0 \u0986\u09b2 \u09b9\u09be\u09a6\u09bf\u09b8 \u0985\u09cd\u09af\u09be\u09a8\u09cd\u09a1 \u0987\u09b8\u09b2\u09be\u09ae\u09bf \u09b8\u09cd\u099f\u09be\u09a1\u09bf\u099c \u09ac\u09bf\u09ad\u09be\u0997\u09c7\u09b0 \u09b2\u09c7\u0995\u099a\u09be\u09b0\u09be\u09b0 \u09b9\u09bf\u09b8\u09c7\u09ac\u09c7 \u09af\u09cb\u0997\u09a6\u09be\u09a8 \u0995\u09b0\u09c7\u09a8\u0964 \u09e7\u09ef\u09ef\u09ef \u09b8\u09be\u09b2\u09c7 \u09a4\u09bf\u09a8\u09bf \u0987\u09a8\u09cd\u09a6\u09cb\u09a8\u09c7\u09b6\u09bf\u09df\u09be \u09a5\u09c7\u0995\u09c7 \u0987\u09b8\u09b2\u09be\u09ae\u09bf \u0989\u09a8\u09cd\u09a8\u09df\u09a8 \u0993 \u0986\u09b0\u09ac\u09bf \u09ad\u09be\u09b7\u09be \u09ac\u09bf\u09b7\u09df\u09c7 \u0989\u099a\u09cd\u099a\u09a4\u09b0 \u09aa\u09cd\u09b0\u09b6\u09bf\u0995\u09cd\u09b7\u09a3 \u0997\u09cd\u09b0\u09b9\u09a3 \u0995\u09b0\u09c7\u09a8\u0964 \u09e8\u09e6\u09e6\u09ef \u09b8\u09be\u09b2\u09c7 \u09a4\u09bf\u09a8\u09bf \u0987\u09b8\u09b2\u09be\u09ae\u09bf \u09ac\u09bf\u09b6\u09cd\u09ac\u09ac\u09bf\u09a6\u09cd\u09af\u09be\u09b2\u09df\u09c7\u09b0 \u098f\u0995\u0987 \u09ac\u09bf\u09ad\u09be\u0997\u09c7 \u09aa\u09cd\u09b0\u09ab\u09c7\u09b8\u09b0 \u09aa\u09a6\u09c7 \u0989\u09a8\u09cd\u09a8\u09c0\u09a4 \u09b9\u09a8\u0964 \u099d\u09bf\u09a8\u09be\u0987\u09a6\u09b9 \u09b6\u09b9\u09b0\u09c7\u09b0 \u0997\u09cb\u09ac\u09bf\u09a8\u09cd\u09a6\u09aa\u09c1\u09b0\u09c7 \u0986\u09b2 \u09ab\u09be\u09b0\u09c1\u0995 \u098f\u0995\u09be\u09a1\u09c7\u09ae\u09bf \u0993 \u0986\u09b8 \u09b8\u09c1\u09a8\u09cd\u09a8\u09be\u09b9 \u099f\u09cd\u09b0\u09be\u09b8\u09cd\u099f \u09aa\u09cd\u09b0\u09a4\u09bf\u09b7\u09cd\u09a0\u09be \u0995\u09b0\u09c7\u09a8 \u09ac\u09b0\u09c7\u09a3\u09cd\u09af \u098f\u0987 \u0987\u09b8\u09b2\u09be\u09ae\u09c0 \u09ac\u09cd\u09af\u0995\u09cd\u09a4\u09bf\u09a4\u09cd\u09ac\u0964 \u09b8\u09c7\u0996\u09be\u09a8\u09c7 \u099b\u09c7\u09b2\u09c7\u09ae\u09c7\u09df\u09c7\u09a6\u09c7\u09b0 \u09b9\u09c7\u09ab\u099c\u0996\u09be\u09a8\u09be \u09aa\u09cd\u09b0\u09a4\u09bf\u09b7\u09cd\u09a0\u09be \u0995\u09b0\u09c7\u09a8\u0964 \u09aa\u09cd\u09b0\u09a4\u09bf\u09b7\u09cd\u09a0\u09be\u09a4\u09be \u0993 \u09ae\u09b9\u09be\u09b8\u099a\u09bf\u09ac \u09b9\u09bf\u09b8\u09c7\u09ac\u09c7 \u0995\u09be\u099c \u0995\u09b0\u09c7\u099b\u09c7\u09a8 \u09b6\u09bf\u0995\u09cd\u09b7\u09be \u0993 \u099d\u09bf\u09a8\u09be\u0987\u09a6\u09b9\u09c7\u09b0 \u099a\u09cd\u09af\u09be\u09b0\u09bf\u099f\u09bf \u09ab\u09be\u0989\u09a8\u09cd\u09a1\u09c7\u09b6\u09a8\u09c7, \u09aa\u09cd\u09b0\u09a4\u09bf\u09b7\u09cd\u09a0\u09be\u09a4\u09be \u09b8\u09a6\u09b8\u09cd\u09af \u099b\u09bf\u09b2\u09c7\u09a8 \u0987\u09a8\u09cd\u099f\u09be\u09b0\u09a8\u09cd\u09af\u09be\u09b6\u09a8\u09be\u09b2 \u0987\u09b8\u09b2\u09be\u09ae\u09bf\u0995 \u0987\u09a8\u09b8\u09cd\u099f\u09bf\u099f\u09bf\u0989\u099f\u09c7\u09b0\u0964",
        "slug": "4ufky3k51"
    }
},
{
    "model": "author.bookauthor",
    "pk": 7,
    "fields": {
        "name": "\u099d\u0982\u0995\u09be\u09b0 \u09ae\u09be\u09b9\u09ac\u09c1\u09ac",
        "image": "Author/58894.jpg",
        "bio": "\u0996\u09c1\u09ac \u0985\u09b2\u09cd\u09aa \u09ac\u09df\u09b8\u09c7\u0987 \u09b2\u09c7\u0996\u09be\u09b2\u09c7\u0996\u09bf \u09b6\u09c1\u09b0\u09c1 \u0995\u09b0\u09c7\u09a8 \u099d\u0982\u0995\u09be\u09b0 \u09ae\u09be\u09b9\u09ac\u09c1\u09ac\u0964 \u09b6\u09c1\u09b0\u09c1\u099f\u09be \u099b\u09bf\u09b2 \u09ac\u09be\u09b8\u09be\u09b0 \u09a6\u09c7\u09df\u09be\u09b2\u09c7, \u09ac\u09cb\u09a8\u09a6\u09c7\u09b0 \u09ac\u0987\u09df\u09c7\u09b0 \u09aa\u09be\u09a4\u09be\u09a4\u09c7 \u0995\u09bf\u0982\u09ac\u09be \u0998\u09c1\u09ae\u09a8\u09cd\u09a4 \u0985\u09ac\u09b8\u09cd\u09a5\u09be\u09df \u09ac\u09be\u09ac\u09be\u09b0 \u09b6\u09b0\u09c0\u09b0\u09c7, \u0986\u0981\u0995\u09be\u0986\u0981\u0995\u09bf \u0995\u09b0\u09c7\u0964 \u09b2\u09c7\u0996\u0995\u09c7\u09b0 \u0985\u09b8\u09c0\u09ae \u09aa\u09cd\u09b0\u09a4\u09bf\u09ad\u09be \u099c\u09cb\u09b0 \u0995\u09b0\u09c7 \u09aa\u09cd\u09b0\u09b8\u09cd\u09ab\u09c1\u099f\u09bf\u09a4 \u0995\u09b0\u09be\u09b0 \u099a\u09c7\u09b7\u09cd\u099f\u09be \u09aa\u09a6\u09c7 \u09aa\u09a6\u09c7 \u09ac\u09be\u09a7\u09be\u0997\u09cd\u09b0\u09b8\u09cd\u09a4 \u09b9\u09df\u09c7\u099b\u09bf\u09b2\u0964 \u098f\u09b8\u09ac \u09ac\u09be\u09a7\u09be\u09b0 \u09ae\u09a7\u09cd\u09af\u09c7 \u0985\u09a8\u09cd\u09af\u09a4\u09ae \u099b\u09bf\u09b2 \u0986\u09ae\u09cd\u09ae\u09c1\u09b0 \u0995\u09be\u099b\u09c7 \u09ac\u09cb\u09a8\u09a6\u09c7\u09b0 \u09a8\u09be\u09b2\u09bf\u09b6, \u09b6\u0995\u09cd\u09a4 \u0998\u09c1\u09ae\u09c7\u09b0 \u09ac\u09be\u09b2\u09bf\u09b6, \u0997\u09c3\u09b9 \u09b6\u09bf\u0995\u09cd\u09b7\u0995\u09c7\u09b0 \u09ac\u0995\u09be\u099d\u0995\u09be, \u09ac\u09be\u09b0\u09cd\u09b7\u09bf\u0995 \u09aa\u09b0\u09c0\u0995\u09cd\u09b7\u09be\u09df \u09aa\u09cd\u09b0\u09b6\u09cd\u09a8\u09c7\u09b0 \u09a7\u09cb\u0981\u0995\u09be\u0964 \u09a4\u09ac\u09c7 \u098f\u09b8\u09ac \u09ac\u09be\u09a7\u09be\u0995\u09c7 \u09ac\u09c1\u09dc\u09cb \u0986\u0999\u09c1\u09b2 \u09a6\u09c7\u0996\u09bf\u09df\u09c7 \u09b8\u0982\u09b8\u09cd\u0995\u09c3\u09a4\u09bf\u09b0 \u09aa\u09cd\u09b0\u09be\u09df \u09b8\u09ac \u09b6\u09be\u0996\u09be\u09a4\u09c7\u0987 \u09b2\u09c7\u0996\u0995\u09c7\u09b0 \u099b\u09bf\u09b2 \u0985\u09ac\u09be\u09a7 \u09b8\u09c1\u09b7\u09cd\u09a0\u09c1 \u09ac\u09bf\u099a\u09b0\u09a3\u0964 \u09b2\u09c7\u0996\u0995 \u09ac\u09c1\u09a6\u09cd\u09a7\u09bf \u0995\u09b0\u09c7 \u09ac\u09b2\u09c7\u09a8- \u09ac\u09bf\u099a\u09b0\u09a3 \u099b\u09bf\u09b2\u0964 \u0995\u09be\u09b0\u09a3 \u098f\u0996\u09a8 \u0986\u09b0 \u09ac\u09bf\u099a\u09b0\u09a3 \u09a8\u09c7\u0987\u0964 \u09a4\u09be\u099b\u09be\u09dc\u09be \u0995\u09ac\u09bf\u09a4\u09be, \u0989\u09aa\u09a8\u09cd\u09af\u09be\u09b8, \u0997\u09b2\u09cd\u09aa \u09ac\u09be \u09aa\u09cd\u09b0\u09ac\u09a8\u09cd\u09a7 \u09b2\u09bf\u0996\u09c7 \u09b8\u09c1\u09ac\u09bf\u09a7\u09be \u0995\u09b0\u09c7 \u0989\u09a0\u09a4\u09c7 \u09aa\u09be\u09b0\u09c7\u09a8\u09a8\u09bf \u09ac\u09b2\u09c7, \u09aa\u09cd\u09b0\u09cb\u0997\u09cd\u09b0\u09be\u09ae\u09bf\u0982 \u09a8\u09bf\u09df\u09c7 \u09b2\u09c7\u0996\u09be\u09b2\u09c7\u0996\u09bf\u0995\u09c7 \u09b6\u09c7\u09b7 \u09ad\u09b0\u09b8\u09be \u09b9\u09bf\u09b8\u09c7\u09ac\u09c7 \u09ac\u09c7\u099b\u09c7 \u09a8\u09bf\u09df\u09c7\u099b\u09c7\u09a8\u0964 \u09b8\u0982\u09b8\u09cd\u0995\u09c3\u09a4\u09bf \u0985\u0999\u09cd\u0997\u09a8\u09c7 \u09b8\u0981\u09aa\u09c7 \u09a6\u09c7\u09df\u09be \u09b2\u09c7\u0996\u0995\u09c7\u09b0 \u099c\u09c0\u09ac\u09a8 \u09a5\u09c7\u0995\u09c7 \u0985\u09a8\u09c7\u0995\u099f\u09be \u09b8\u09ae\u09df \u099a\u09c1\u09b0\u09bf \u0995\u09b0\u09c7 \u09a8\u09bf\u09df\u09c7\u099b\u09c7 \u09ac\u09c1\u09df\u09c7\u099f\u09c7\u09b0 \u0987\u09a8\u09cd\u09a1\u09be\u09b8\u09cd\u099f\u09cd\u09b0\u09bf\u09df\u09be\u09b2 \u098f\u09a8\u09cd\u09a1 \u09aa\u09cd\u09b0\u09cb\u09a1\u09be\u0995\u09b6\u09a8 \u0987\u099e\u09cd\u099c\u09bf\u09a8\u09bf\u09df\u09be\u09b0\u09bf\u0982 \u09a1\u09bf\u09aa\u09be\u09b0\u09cd\u099f\u09ae\u09c7\u09a8\u09cd\u099f\u0964 \u09ac\u09be\u0995\u09c0 \u0985\u0982\u09b6 \u0995\u09c7\u09dc\u09c7 \u09a8\u09bf\u09df\u09c7\u099b\u09c7 \u09a8\u09b0\u09cd\u09a5 \u09a1\u09c7\u0995\u09cb\u099f\u09be \u09b8\u09cd\u099f\u09c7\u099f \u0987\u0989\u09a8\u09bf\u09ad\u09be\u09b0\u09cd\u09b8\u09bf\u099f\u09bf\u09b0 \u0995\u09ae\u09cd\u09aa\u09bf\u0989\u099f\u09be\u09b0 \u09b8\u09be\u09df\u09c7\u09a8\u09cd\u09b8\u09c7\u09b0 \u09ae\u09be\u09b8\u09cd\u099f\u09be\u09b0\u09cd\u09b8 \u09a1\u09bf\u0997\u09cd\u09b0\u09c0\u0964 \u0986\u09b0 \u098f\u0996\u09a8 \u09ac\u09bf\u09a6\u09c7\u09b6 \u09a5\u09c7\u0995\u09c7 \u09a6\u09c7\u09b6\u09c7 \u09ab\u09cb\u09a8 \u0995\u09b0\u09be\u09b0 \u099f\u09be\u0995\u09be \u099c\u09cb\u0997\u09be\u09dc \u0995\u09b0\u09a4\u09c7 \u09b9\u09bf\u09ae\u09b6\u09bf\u09ae \u0996\u09be\u09a8 \u09ac\u09b2\u09c7 \u09b6\u09bf\u0995\u09be\u0997\u09cb \u09b6\u09b9\u09b0\u09c7 \u09a8\u09bf\u09b2\u09b8\u09c7\u09a8 \u0995\u09cb\u09ae\u09cd\u09aa\u09be\u09a8\u09bf\u09a4\u09c7 \u09b8\u09bf\u09a8\u09bf\u09df\u09b0 \u0993\u09df\u09c7\u09ac \u09a1\u09c7\u09ad\u09c7\u09b2\u09aa\u09be\u09b0 \u09b9\u09bf\u09b8\u09c7\u09ac\u09c7 \u0995\u09be\u09ae\u09b2\u09be \u0996\u09be\u099f\u09c7\u09a8\u0964",
        "slug": "e0wmygosx"
    }
},
{
    "model": "author.bookauthor",
    "pk": 8,
    "fields": {
        "name": "\u0985\u09a8\u09bf\u09b0\u09c1\u09a6\u09cd\u09a7 \u09b0\u09be\u09df",
        "image": "",
        "bio": "\u0985\u09a8\u09bf\u09b0\u09c1\u09a6\u09cd\u09a7 \u09b0\u09be\u09df",
        "slug": "xnbp6nuua"
    }
},
{
    "model": "author.bookauthor",
    "pk": 9,
    "fields": {
        "name": "\u09a1\u09cd\u09af\u09be\u09a8 \u09ac\u09cd\u09b0\u09be\u0989\u09a8",
        "image": "Author/56769.jpg",
        "bio": "Daniel Gerhard \"Dan\" Brown (born June 22, 1964) is an American author of thriller fiction who is best known for the 2003 bestselling novel The Da Vinci Code. Brown's novels are treasure hunts set in a 24-hour period and feature the recurring themes of cryptography, keys, symbols, codes, and conspiracy theories. His books have been translated into 52 languages, and as of 2012, sold over 200 million copies. Three of them, Angels & Demons (2000), The Da Vinci Code (2003), and Inferno (2013), have been or are being adapted into films. Brown's novels that feature the lead character Robert Langdon also include historical themes and Christianity as motifs, and as a result, have generated controversy. Brown states on his website that his books are not anti-Christian, though he is on a 'constant spiritual journey' himself, and says that his book The Da Vinci Code is simply \"an entertaining story that promotes spiritual discussion and debate\" and suggests that the book may be used \"as a positive catalyst for introspection and exploration of our faith.\"",
        "slug": "9ve19lo05"
    }
},
{
    "model": "author.bookauthor",
    "pk": 10,
    "fields": {
        "name": "\u09b9\u09c1\u09ae\u09be\u09df\u09c2\u09a8 \u0986\u09b9\u09ae\u09c7\u09a6",
        "image": "Author/77391.jpg",
        "bio": "\u09b9\u09c1\u09ae\u09be\u09df\u09c2\u09a8 \u0986\u09b9\u09ae\u09c7\u09a6 \u09ac\u09bf\u0982\u09b6 \u09b6\u09a4\u09be\u09ac\u09cd\u09a6\u09c0\u09b0 \u09ac\u09be\u0999\u09be\u09b2\u09bf \u099c\u09a8\u09aa\u09cd\u09b0\u09bf\u09af\u09bc \u0995\u09a5\u09be\u09b8\u09be\u09b9\u09bf\u09a4\u09cd\u09af\u09bf\u0995\u09a6\u09c7\u09b0 \u09ae\u09a7\u09cd\u09af\u09c7 \u0985\u09a8\u09cd\u09af\u09a4\u09ae\u0964 \u09a4\u09be\u0981\u0995\u09c7 \u09ac\u09be\u0982\u09b2\u09be\u09a6\u09c7\u09b6\u09c7\u09b0 \u09b8\u09cd\u09ac\u09be\u09a7\u09c0\u09a8\u09a4\u09be \u09aa\u09b0\u09ac\u09b0\u09cd\u09a4\u09c0 \u09b6\u09cd\u09b0\u09c7\u09b7\u09cd\u09a0 \u09b2\u09c7\u0996\u0995 \u0997\u09a3\u09cd\u09af \u0995\u09b0\u09be \u09b9\u09af\u09bc\u0964\u09b8\u09be\u09ac\u09b2\u09c0\u09b2 \u0998\u099f\u09a8\u09be\u09b0 \u09ac\u09b0\u09cd\u09a8\u09a8\u09be \u0986\u09b0 \u09b8\u09b9\u099c \u09ad\u09be\u09b7\u09be\u09df \u09b2\u09c7\u0996\u09be\u09b0 \u0995\u09be\u09b0\u09a3\u09c7 \u09b9\u09c1\u09ae\u09be\u09df\u09c1\u09a8 \u0986\u09b9\u09ae\u09c7\u09a6\u09c7\u09b0 \u09ac\u0987 \u098f\u09b0 \u09a4\u09c1\u09b2\u09a8\u09be \u09a8\u09c7\u0987\u0964 \u09b9\u09c1\u09ae\u09be\u09df\u09c2\u09a8 \u0986\u09b9\u09ae\u09c7\u09a6 \u098f\u0995\u09be\u09a7\u09be\u09b0\u09c7 \u0994\u09aa\u09a8\u09cd\u09af\u09be\u09b8\u09bf\u0995, \u099b\u09cb\u099f\u0997\u09b2\u09cd\u09aa\u0995\u09be\u09b0, \u09a8\u09be\u099f\u09cd\u09af\u0995\u09be\u09b0 \u098f\u09ac\u0982 \u0997\u09c0\u09a4\u09bf\u0995\u09be\u09b0\u0964 \u09ac\u09b2\u09be \u09b9\u09af\u09bc \u0986\u09a7\u09c1\u09a8\u09bf\u0995 \u09ac\u09be\u0982\u09b2\u09be \u0995\u09b2\u09cd\u09aa\u09ac\u09bf\u099c\u09cd\u099e\u09be\u09a8 \u09b8\u09be\u09b9\u09bf\u09a4\u09cd\u09af\u09c7\u09b0 \u09a4\u09bf\u09a8\u09bf \u09aa\u09a5\u09bf\u0995\u09c3\u09ce\u0964 \u09a8\u09be\u099f\u0995 \u0993 \u099a\u09b2\u099a\u09cd\u099a\u09bf\u09a4\u09cd\u09b0 \u09aa\u09b0\u09bf\u099a\u09be\u09b2\u0995 \u09b9\u09bf\u09b8\u09be\u09ac\u09c7\u0993 \u09b9\u09c1\u09ae\u09be\u09df\u09c2\u09a8 \u0986\u09b9\u09ae\u09c7\u09a6 \u09b8\u09ae\u09be\u09a6\u09c3\u09a4\u0964 \u09a4\u09be\u0981\u09b0 \u09aa\u09cd\u09b0\u0995\u09be\u09b6\u09bf\u09a4 \u0997\u09cd\u09b0\u09a8\u09cd\u09a5\u09c7\u09b0 \u09b8\u0982\u0996\u09cd\u09af\u09be \u09a6\u09c1\u0987 \u09b6\u09a4\u09be\u09a7\u09bf\u0995\u0964 \u09ac\u09be\u0982\u09b2\u09be \u0995\u09a5\u09be\u09b8\u09be\u09b9\u09bf\u09a4\u09cd\u09af\u09c7 \u09a4\u09bf\u09a8\u09bf \u09b8\u0982\u09b2\u09be\u09aa\u09aa\u09cd\u09b0\u09a7\u09be\u09a8 \u09a8\u09a4\u09c1\u09a8 \u09b6\u09c8\u09b2\u09c0\u09b0 \u099c\u09a8\u0995\u0964 \u09b9\u09c1\u09ae\u09be\u09df\u09c1\u09a8 \u0986\u09b9\u09ae\u09c7\u09a6\u09c7\u09b0 \u09ac\u0987\u09b8\u09ae\u09c2\u09b9 \u09aa\u09c3\u09a5\u09bf\u09ac\u09c0\u09b0 \u09a8\u09be\u09a8\u09be \u09ad\u09be\u09b7\u09be\u09af\u09bc \u0985\u09a8\u09c2\u09a6\u09bf\u09a4 \u09b9\u09af\u09bc\u09c7\u099b\u09c7, \u09ac\u09c7\u09b6 \u0995\u09bf\u099b\u09c1 \u0997\u09cd\u09b0\u09a8\u09cd\u09a5 \u09b8\u09cd\u0995\u09c1\u09b2-\u0995\u09b2\u09c7\u099c \u09ac\u09bf\u09b6\u09cd\u09ac\u09ac\u09bf\u09a6\u09cd\u09af\u09be\u09b2\u09af\u09bc\u09c7\u09b0 \u09aa\u09be\u09a0\u09cd\u09af\u09b8\u09c2\u099a\u09c0\u09b0 \u0985\u09a8\u09cd\u09a4\u09b0\u09cd\u09ad\u09c1\u0995\u09cd\u09a4\u0964 \u09b8\u09a4\u09cd\u09a4\u09b0 \u09a6\u09b6\u0995\u09c7\u09b0 \u09b6\u09c7\u09b7\u09ad\u09be\u0997\u09c7 \u09a5\u09c7\u0995\u09c7 \u09b6\u09c1\u09b0\u09c1 \u0995\u09b0\u09c7 \u09ae\u09c3\u09a4\u09cd\u09af\u09c1 \u0985\u09ac\u09a7\u09bf \u09a4\u09bf\u09a8\u09bf \u099b\u09bf\u09b2\u09c7\u09a8 \u09ac\u09be\u0982\u09b2\u09be \u0997\u09b2\u09cd\u09aa-\u0989\u09aa\u09a8\u09cd\u09af\u09be\u09b8\u09c7\u09b0 \u0985\u09aa\u09cd\u09b0\u09a4\u09bf\u09a6\u09cd\u09ac\u09a8\u09cd\u09a6\u09cd\u09ac\u09c0 \u0995\u09be\u09b0\u09bf\u0997\u09b0\u0964 \u098f\u0987 \u0995\u09be\u09b2\u09aa\u09b0\u09cd\u09ac\u09c7 \u09a4\u09be\u0981\u09b0 \u0997\u09b2\u09cd\u09aa-\u0989\u09aa\u09a8\u09cd\u09af\u09be\u09b8\u09c7\u09b0 \u099c\u09a8\u09aa\u09cd\u09b0\u09bf\u09af\u09bc\u09a4\u09be \u099b\u09bf\u09b2 \u09a4\u09c1\u09b2\u09a8\u09be\u09b0\u09b9\u09bf\u09a4\u0964 \u09b9\u09c1\u09ae\u09be\u09df\u09c2\u09a8 \u0986\u09b9\u09ae\u09c7\u09a6 \u098f\u09b0 \u09b8\u09c3\u09b7\u09cd\u099f \u09b9\u09bf\u09ae\u09c1 \u0993 \u09ae\u09bf\u09b8\u09bf\u09b0 \u0986\u09b2\u09bf \u099a\u09b0\u09bf\u09a4\u09cd\u09b0\u0997\u09c1\u09b2\u09bf \u09ac\u09be\u0982\u09b2\u09be\u09a6\u09c7\u09b6\u09c7\u09b0 \u09af\u09c1\u09ac\u0995\u09b6\u09cd\u09b0\u09c7\u09a3\u09c0\u0995\u09c7 \u0997\u09ad\u09c0\u09b0\u09ad\u09be\u09ac\u09c7 \u0989\u09a6\u09cd\u09ac\u09c7\u09b2\u09bf\u09a4 \u0995\u09b0\u09c7\u099b\u09c7\u0964\u09a4\u09be\u0981\u09b0 \u09a8\u09bf\u09b0\u09cd\u09ae\u09bf\u09a4 \u099a\u09b2\u099a\u09cd\u099a\u09bf\u09a4\u09cd\u09b0\u09b8\u09ae\u09c2\u09b9 \u09aa\u09c7\u09af\u09bc\u09c7\u099b\u09c7 \u0985\u09b8\u09be\u09ae\u09be\u09a8\u09cd\u09af \u09a6\u09b0\u09cd\u09b6\u0995\u09aa\u09cd\u09b0\u09bf\u09af\u09bc\u09a4\u09be\u0964 \u09a4\u09ac\u09c7 \u09a4\u09be\u0981\u09b0 \u099f\u09c7\u09b2\u09bf\u09ad\u09bf\u09b6\u09a8 \u09a8\u09be\u099f\u0995\u0997\u09c1\u09b2\u09bf \u099b\u09bf\u09b2 \u09b8\u09b0\u09cd\u09ac\u09be\u09a7\u09bf\u0995 \u099c\u09a8\u09aa\u09cd\u09b0\u09bf\u09af\u09bc\u0964 \u09b8\u0982\u0996\u09cd\u09af\u09be\u09af\u09bc \u09ac\u09c7\u09b6\u09c0 \u09a8\u09be \u09b9\u09b2\u09c7\u0993 \u09a4\u09be\u0981\u09b0 \u09b0\u099a\u09bf\u09a4 \u0997\u09be\u09a8\u0997\u09c1\u09b2\u09cb\u0993 \u09b8\u09ac\u09bf\u09b6\u09c7\u09b7 \u099c\u09a8\u09aa\u09cd\u09b0\u09bf\u09af\u09bc\u09a4\u09be \u09b2\u09be\u09ad \u0995\u09b0\u09c7\u0964 \u09a4\u09be\u0981\u09b0 \u0985\u09a8\u09cd\u09af\u09a4\u09ae \u0989\u09aa\u09a8\u09cd\u09af\u09be\u09b8 \u09b9\u09b2\u09cb \u09a8\u09a8\u09cd\u09a6\u09bf\u09a4 \u09a8\u09b0\u0995\u09c7, \u09ae\u09a7\u09cd\u09af\u09be\u09b9\u09cd\u09a8, \u099c\u09cb\u099b\u09a8\u09be \u0993 \u099c\u09a8\u09a8\u09c0\u09b0 \u0997\u09b2\u09cd\u09aa, \u09ae\u09be\u09a4\u09be\u09b2 \u09b9\u09be\u0993\u09af\u09bc\u09be \u0987\u09a4\u09cd\u09af\u09be\u09a6\u09bf\u0964 \u09a4\u09be\u0981\u09b0 \u09a8\u09bf\u09b0\u09cd\u09ae\u09bf\u09a4 \u0995\u09af\u09bc\u09c7\u0995\u099f\u09bf \u099a\u09b2\u099a\u09cd\u099a\u09bf\u09a4\u09cd\u09b0 \u09b9\u09b2\u09cb \u09a6\u09c1\u0987 \u09a6\u09c1\u09af\u09bc\u09be\u09b0\u09c0, \u09b6\u09cd\u09b0\u09be\u09ac\u09a3 \u09ae\u09c7\u0998\u09c7\u09b0 \u09a6\u09bf\u09a8, \u0998\u09c7\u0981\u099f\u09c1\u09aa\u09c1\u09a4\u09cd\u09b0 \u0995\u09ae\u09b2\u09be \u0987\u09a4\u09cd\u09af\u09be\u09a6\u09bf\u0964 \u09a8\u09ac\u09c0\u099c\u09bf (\u09e8\u09e6\u09e7\u09e8) \u09b9\u09c1\u09ae\u09be\u09df\u09c1\u09a8 \u0986\u09b9\u09ae\u09c7\u09a6\u09c7\u09b0 \u0985\u09aa\u09cd\u09b0\u0995\u09be\u09b6\u09bf\u09a4 \u0993 \u0985\u09b8\u09ae\u09be\u09aa\u09cd\u09a4 \u09ac\u0987\u0964",
        "slug": "\u09b9\u09ae\u09af\u09a8-\u0986\u09b9\u09ae\u09a6"
    }
},
{
    "model": "author.bookauthor",
    "pk": 11,
    "fields": {
        "name": "\u099c\u09bf\u09ae \u09ac\u09c1\u099a\u09be\u09b0",
        "image": "",
        "bio": "",
        "slug": "\u099c\u09ae-\u09ac\u099a\u09b0"
    }
},
{
    "model": "author.bookauthor",
    "pk": 12,
    "fields": {
        "name": "\u09ae\u09cb\u09b8\u09cd\u09a4\u09ab\u09be \u0995\u09be\u09ae\u09be\u09b2",
        "image": "Author/21405.jpg",
        "bio": "\u099c\u09a8\u09cd\u09ae \u09ac\u09b0\u09bf\u09b6\u09be\u09b2\u09c7\u09b0 \u0986\u09a8\u09cd\u09a7\u09be\u09b0 \u09ae\u09be\u09a8\u09bf\u0995 \u0997\u09cd\u09b0\u09be\u09ae\u09c7\u0964 \u09b8\u09c7\u0996\u09be\u09a8\u09c7\u0987 \u0995\u09be\u099f\u09c7 \u09b6\u09c8\u09b6\u09ac \u0993 \u0995\u09c8\u09b6\u09cb\u09b0\u0964 \u0989\u099a\u09cd\u099a\u09b6\u09bf\u0995\u09cd\u09b7\u09be \u0987\u0982\u09b0\u09c7\u099c\u09bf \u09b8\u09be\u09b9\u09bf\u09a4\u09cd\u09af \u0993 \u09b0\u09be\u09b7\u09cd\u099f\u09cd\u09b0\u09ac\u09bf\u099c\u09cd\u099e\u09be\u09a8\u09c7\u0964 \u09a6\u09c7\u09b6\u09c7\u09b0 \u0985\u09a8\u09cd\u09af\u09a4\u09ae \u099c\u09a8\u09aa\u09cd\u09b0\u09bf\u09af\u09bc \u098f\u0987 \u09b8\u09be\u09b9\u09bf\u09a4\u09cd\u09af\u09bf\u0995-\u09b8\u09be\u0982\u09ac\u09be\u09a6\u09bf\u0995 \u0986\u09a1\u09bc\u09be\u0987 \u09a6\u09b6\u0995\u09c7\u09b0 \u09ac\u09c7\u09b6\u09bf \u09b8\u09ae\u09af\u09bc \u09a7\u09b0\u09c7 \u09a8\u09bf\u09af\u09bc\u09ae\u09bf\u09a4 \u09b2\u09bf\u0996\u099b\u09c7\u09a8\u0964 \u09b8\u09be\u09b9\u09bf\u09a4\u09cd\u09af\u09c7\u09b0 \u09aa\u09cd\u09b0\u09be\u09af\u09bc \u09b8\u09ac \u09b6\u09be\u0996\u09be\u09a4\u09c7\u0987 \u09b0\u09af\u09bc\u09c7\u099b\u09c7 \u09a4\u09be\u09b0 \u0985\u09ac\u09be\u09a7 \u09ac\u09bf\u099a\u09b0\u09a3\u0964 \u09a4\u09be\u09b0 \u09aa\u09cd\u09b0\u09a5\u09ae \u09aa\u09cd\u09b0\u0995\u09be\u09b6\u09bf\u09a4 \u099b\u09a1\u09bc\u09be \u2018\u09ae\u09c7\u0998\u09a8\u09be'\u0964 \u09aa\u09cd\u09b0\u09a5\u09ae \u0989\u09aa\u09a8\u09cd\u09af\u09be\u09b8 \u2018\u09aa\u09be\u09aa\u09c7\u09b0 \u0989\u09a4\u09cd\u09a4\u09b0\u09be\u09a7\u09bf\u0995\u09be\u09b0\u2019\u0964 \u09aa\u09cd\u09b0\u09a5\u09ae \u0997\u09b2\u09cd\u09aa \u201c\u09ac\u09c0\u09b0\u09be\u0999\u09cd\u0997\u09a8\u09be\u09b0 \u09b2\u09a1\u09bc\u09be\u0987' \u0964 \u09aa\u09cd\u09b0\u09a5\u09ae \u0995\u09bf\u09b6\u09cb\u09b0 \u0989\u09aa\u09a8\u09cd\u09af\u09be\u09b8 \u201c\u09ad\u09bf\u09a8\u09a6\u09c7\u09b6\u09bf \u0997\u09cb\u09af\u09bc\u09c7\u09a8\u09cd\u09a6\u09be', \u09aa\u09cd\u09b0\u09a5\u09ae \u09b8\u09be\u09af\u09bc\u09c7\u09a8\u09cd\u09b8 \u09ab\u09bf\u0995\u09b6\u09a8 \u2018\u0995\u09cd\u09b2\u09cb\u09a8\u09ae\u09be\u09ae\u09be\u2019, \u09aa\u09cd\u09b0\u09a5\u09ae \u09b6\u09bf\u09b6\u09c1\u09a4\u09cb\u09b7 \u09ac\u0987 \u2018\u09aa\u09be\u0997\u09b2\u09be\u09ad\u09c2\u09a4'\u0964 \u09aa\u09cd\u09b0\u09a5\u09ae \u09ac\u09bf\u09a6\u09cd\u09b0\u09c1\u09aa \u0993 \u09b0\u09ae\u09cd\u09af \u09ac\u0987 \u2018\u09aa\u09be\u0997\u09b2 \u099b\u09be\u0997\u09b2 \u0993 \u0997\u09be\u09a7\u09be\u09b8\u09ae\u0997\u09cd\u09b0\u2019\u0964 \u09aa\u09cd\u09b0\u09a5\u09ae \u09a8\u09be\u099f\u0995 \u2018\u09aa\u09cd\u09b0\u09a4\u09c0\u0995\u09cd\u09b7\u09be\u09b0 \u09b6\u09c7\u09b7 \u09aa\u09cd\u09b0\u09b9\u09b0', \u09aa\u09cd\u09b0\u09a5\u09ae \u0997\u09ac\u09c7\u09b7\u09a3\u09be\u09ae\u09c2\u09b2\u0995 \u09ac\u0987 '\u0986\u09b8\u09be\u09a6 \u09a5\u09c7\u0995\u09c7 \u0997\u09a3\u0985\u09ad\u09cd\u09af\u09c1\u09a4\u09cd\u09a5\u09be\u09a8\u2019\u0964 \u09b8\u09be\u09a1\u09bc\u09be\u099c\u09be\u0997\u09be\u09a8\u09cb \u0989\u09aa\u09a8\u09cd\u09af\u09be\u09b8 \u2018\u099c\u09a8\u09a8\u09c0\u2019, \u2018\u099c\u09a8\u0995 \u099c\u09a8\u09a8\u09c0\u09b0 \u0997\u09b2\u09cd\u09aa\u201d, \u201c\u09aa\u09be\u09b0\u09ae\u09bf\u09a4\u09be\u0995\u09c7 \u09b6\u09c1\u09a7\u09c1 \u0995\u09b0\u09cd\u09a8\u09c7\u09b2 \u09aa\u09cd\u09b0\u09ad\u09c3\u09a4\u09bf\u0964 \u098f \u09aa\u09b0\u09cd\u09af\u09a8\u09cd\u09a4 \u09aa\u09cd\u09b0\u0995\u09be\u09b6\u09bf\u09a4 \u09ac\u0987\u09af\u09bc\u09c7\u09b0 \u09b8\u0982\u0996\u09cd\u09af\u09be \u09ef\u09e6\u099f\u09bf\u0964 \u0995\u09b2\u0995\u09be\u09a4\u09be \u09a5\u09c7\u0995\u09c7 \u09b8\u09be\u09b9\u09bf\u09a4\u09cd\u09af\u09ae \u09aa\u09cd\u09b0\u0995\u09be\u09b6 \u0995\u09b0\u09c7\u099b\u09c7 \u09a6\u09c1\u099f\u09bf \u09ac\u0987\u0964 \u0986\u09ab\u0997\u09be\u09a8\u09bf\u09b8\u09cd\u09a4\u09be\u09a8\u09c7 \u09af\u09c1\u09a6\u09cd\u09a7\u09aa\u09b0\u09ac\u09b0\u09cd\u09a4\u09c0 \u09aa\u09b0\u09bf\u09b8\u09cd\u09a5\u09bf\u09a4\u09bf, \u09a8\u09c7\u09aa\u09be\u09b2\u09c7 \u09b0\u09be\u099c\u09a4\u09a8\u09cd\u09a4\u09cd\u09b0\u09ac\u09bf\u09b0\u09cb\u09a7\u09c0 \u0997\u09a3\u0985\u09ad\u09c1\u09cd\u09af\u09a4\u09cd\u09a5\u09be\u09a8, \u09aa\u09be\u0995\u09bf\u09b8\u09cd\u09a4\u09be\u09a8\u09c7 \u09ac\u09c7\u09a8\u099c\u09c0\u09b0 \u09ad\u09c1\u099f\u09cd\u099f\u09cb \u09b9\u09a4\u09cd\u09af\u09be\u0995\u09be\u09a3\u09cd\u09a1 \u098f\u09ac\u0982 \u09b6\u09cd\u09f0\u09c0\u09b2\u0999\u09cd\u0995\u09be\u09af\u09bc \u09a4\u09be\u09ae\u09bf\u09b2 \u0997\u09c7\u09b0\u09bf\u09b2\u09be \u09b8\u0982\u0995\u099f \u0995\u09ad\u09be\u09b0 \u0995\u09b0\u09c7 \u09aa\u09cd\u09b0\u09a4\u09bf\u09ac\u09c7\u09a6\u09a8 \u0993 \u09a8\u09bf\u09ac\u09a8\u09cd\u09a7 \u09b2\u09bf\u0996\u09c7 \u0986\u09b2\u09cb\u099a\u09bf\u09a4 \u09b9\u09a8\u0964 \u098f\u099b\u09be\u09a1\u09bc\u09be \u09aa\u09c7\u09b6\u09be\u0997\u09a4 \u09a6\u09be\u09af\u09bc\u09bf\u09a4\u09cd\u09ac \u09aa\u09be\u09b2\u09a8\u09c7\u09b0 \u099c\u09be\u09aa\u09be\u09a8, \u09ae\u09be\u09b2\u09af\u09bc\u09c7\u09b6\u09bf\u09af\u09bc\u09be, \u0995\u09be\u09a4\u09be\u09b0, \u09b8\u0982\u09af\u09c1\u0995\u09cd\u09a4 \u0986\u09b0\u09ac \u0986\u09ae\u09bf\u09b0\u09be\u09a4, \u09ad\u09be\u09b0\u09a4 \u0993 \u09ad\u09c1\u099f\u09be\u09a8 \u09b8\u09ab\u09b0 \u0995\u09b0\u09c7\u09a8\u0964 \u0995\u09b2\u09be\u09ae\u09bf\u09b8\u09cd\u099f \u09b9\u09bf\u09b8\u09c7\u09ac\u09c7\u0993 \u09b0\u09af\u09bc\u09c7\u099b\u09c7 \u09a4\u09be\u09b0 \u09ac\u09bf\u09b6\u09c7\u09b7 \u0996\u09cd\u09af\u09be\u09a4\u09bf\u0964 \u09a4\u09bf\u09a8\u09bf \u0995\u09be\u09b2\u09c7\u09b0 \u0995\u09a3\u09cd\u09a0\u09c7 \u201c\u09b8\u09ae\u09af\u09bc\u09c7\u09b0 \u09aa\u09cd\u09b0\u09a4\u09bf\u09a7\u09cd\u09ac\u09a8\u09bf\u2019 \u0993 \u2018\u09b0\u0999\u09cd\u0997\u09ac\u09cd\u09af\u0999\u09cd\u0997\u201d \u09a8\u09be\u09ae\u09c7 \u09a6\u09c1\u099f\u09bf \u0995\u09b2\u09be\u09ae \u09b2\u09bf\u0996\u099b\u09c7\u09a8\u0964 \u09ac\u09b0\u09cd\u09a4\u09ae\u09be\u09a8\u09c7 \u09a4\u09bf\u09a8\u09bf \u0995\u09be\u09b2\u09c7\u09b0 \u0995\u09a3\u09cd\u09a0\u09c7 \u09a8\u09bf\u09b0\u09cd\u09ac\u09be\u09b9\u09c0 \u09b8\u09ae\u09cd\u09aa\u09be\u09a6\u0995 \u09b9\u09bf\u09b8\u09c7\u09ac\u09c7 \u0995\u09b0\u09cd\u09ae\u09b0\u09a4\u0964 \u09a4\u09be\u09b0 \u0985\u09ac\u09b8\u09b0 \u0995\u09be\u099f\u09c7 \u09ac\u0987 \u09aa\u09a1\u09bc\u09c7, \u0997\u09be\u09a8 \u09b6\u09c1\u09a8\u09c7\u0964 \u09ac\u09cd\u09af\u0995\u09cd\u09a4\u09bf\u0997\u09a4 \u099c\u09c0\u09ac\u09a8\u09c7 \u09a4\u09bf\u09a8\u09bf \u09ac\u09bf\u09ac\u09be\u09b9\u09bf\u09a4 \u0993 \u09a6\u09c1\u0987 \u09b8\u09a8\u09cd\u09a4\u09be\u09a8\u09c7\u09b0 \u099c\u09a8\u0995\u0964",
        "slug": "\u09ae\u09b8\u09a4\u09ab-\u0995\u09ae\u09b2"
    }
},
{
    "model": "author.bookauthor",
    "pk": 13,
    "fields": {
        "name": "\u09b8\u09be\u09a6\u09be\u09a4 \u09b9\u09cb\u09b8\u09be\u0987\u09a8",
        "image": "Author/26624.jpg",
        "bio": "\u09b8\u09cd\u09a8\u09be\u09a4\u0995\u09cb\u09a4\u09cd\u09a4\u09b0- \u09a8\u09c3\u09ac\u09bf\u099c\u09cd\u099e\u09be\u09a8, \u099c\u09be\u09b9\u09be\u0999\u09cd\u0997\u09c0\u09b0\u09a8\u0997\u09b0 \u09ac\u09bf\u09b6\u09cd\u09ac\u09ac\u09bf\u09a6\u09cd\u09af\u09be\u09b2\u09df \u09a6\u09c1\u099f\u09cb \u0987\u099a\u09cd\u099b\u09c7 \u09a8\u09bf\u09df\u09c7 \u09b8\u09cd\u09ac\u09aa\u09cd\u09a8\u09af\u09be\u09a4\u09cd\u09b0\u09be\u09b0 \u09b6\u09c1\u09b0\u09c1\u0964 \u098f\u0995- \u0996\u09c7\u09df\u09be\u09a8\u09cc\u0995\u09be\u09b0 \u09ae\u09be\u099d\u09bf \u09b9\u0993\u09df\u09be, \u09a6\u09c1\u0987- \u09a8\u09bf\u099c\u09c7\u09b0 \u09a8\u09be\u09ae\u099f\u09bf \u099b\u09be\u09aa\u09be\u09b0 \u0985\u0995\u09cd\u09b7\u09b0\u09c7 \u09a6\u09c7\u0996\u09a4\u09c7 \u09aa\u09be\u0993\u09df\u09be\u0964 \u09ae\u09be\u09a6\u09be\u09b0\u09c0\u09aa\u09c1\u09b0\u09c7\u09b0 \u0995\u09be\u09b2\u0995\u09bf\u09a8\u09bf \u09a5\u09be\u09a8\u09be\u09b0 \u0995\u09df\u09be\u09b0\u09bf\u09df\u09be \u09a8\u09be\u09ae\u09c7\u09b0 \u09af\u09c7 \u0997\u09cd\u09b0\u09be\u09ae\u09c7 \u099c\u09a8\u09cd\u09ae, \u09a4\u09be\u09b0 \u09aa\u09be\u09b6 \u09a6\u09bf\u09df\u09c7\u0987 \u09a4\u09bf\u09b0\u09a4\u09bf\u09b0 \u0995\u09b0\u09c7 \u09ac\u09df\u09c7 \u0997\u09c7\u099b\u09c7 \u099b\u09cb\u099f\u09cd\u099f \u098f\u0995 \u09a8\u09a6\u09c0\u0964 \u0996\u09c7\u09df\u09be\u09a8\u09cc\u0995\u09be\u09b0 \u09ae\u09be\u099d\u09bf \u09b9\u0993\u09df\u09be\u09b0 \u09b8\u09cd\u09ac\u09aa\u09cd\u09a8\u099f\u09be \u09a4\u09be\u0987 \u09b8\u09a4\u09cd\u09af\u09bf \u09b9\u0993\u09df\u09be\u0987 \u099b\u09bf\u09b2 \u09b8\u09b9\u099c\u0964 \u0995\u09bf\u09a8\u09cd\u09a4\u09c1 \u09b9\u09b2\u09cb \u0989\u09b2\u09cd\u099f\u09cb\u099f\u09be\u0964 \u09aa\u09c2\u09b0\u09a3 \u09b9\u09b2\u09cb \u09a6\u09cd\u09ac\u09bf\u09a4\u09c0\u09df \u09b8\u09cd\u09ac\u09aa\u09cd\u09a8\u099f\u09bf! \u09b8\u09be\u09a6\u09be\u09a4 \u09b9\u09cb\u09b8\u09be\u0987\u09a8 \u09b9\u09df\u09c7 \u0997\u09c7\u09b2\u09c7\u09a8 \u09b2\u09c7\u0996\u0995\u0964 \u098f \u09aa\u09b0\u09cd\u09af\u09a8\u09cd\u09a4 \u09a4\u09be\u09b0 \u09aa\u09cd\u09b0\u0995\u09be\u09b6\u09bf\u09a4 \u09ac\u0987\u09df\u09c7\u09b0 \u09b8\u0982\u0996\u09cd\u09af\u09be \u099b\u09df\u0964 \u09b2\u09bf\u0996\u09c7\u099b\u09c7\u09a8, \u0995\u09ac\u09bf\u09a4\u09be, \u099b\u09cb\u099f\u0997\u09b2\u09cd\u09aa, \u0989\u09aa\u09a8\u09cd\u09af\u09be\u09b8\u0964 \u09af\u09be \u09aa\u09cd\u09b0\u09b6\u0982\u09b8\u09be \u0995\u09c1\u0981\u09dc\u09bf\u09df\u09c7\u099b\u09c7 \u09aa\u09be\u09a0\u0995 \u09ae\u09b9\u09b2\u09c7\u0964 \u2018\u0986\u09b0\u09b6\u09bf\u09a8\u0997\u09b0\u2019 \u098f\u09ac\u0982 \u2018\u0985\u09a8\u09cd\u09a6\u09b0\u09ae\u09b9\u09b2\u2019 \u09a8\u09be\u09ae\u09c7\u09b0 \u09a6\u09c0\u09b0\u09cd\u0998 \u0995\u09b2\u09c7\u09ac\u09b0\u09c7\u09b0 \u0989\u09aa\u09a8\u09cd\u09af\u09be\u09b8 \u09a6\u09c1\u099f\u09bf \u09b0\u09c0\u09a4\u09bf\u09ae\u09a4 \u099a\u09ae\u0995\u09c7 \u09a6\u09bf\u09df\u09c7\u099b\u09c7 \u09aa\u09be\u09a0\u0995\u09a6\u09c7\u09b0\u0964 \u09b6\u09c1\u09a7\u09c1 \u09b2\u09c7\u0996\u09be\u09b2\u09c7\u0996\u09bf\u0987 \u09a8\u09df, \u09a6\u09c1\u09b0\u09cd\u09a6\u09be\u09a8\u09cd\u09a4 \u0986\u09b2\u09cb\u0995\u099a\u09bf\u09a4\u09cd\u09b0\u09c0 \u09b8\u09be\u09a6\u09be\u09a4 \u09b9\u09cb\u09b8\u09be\u0987\u09a8 \u09a8\u09bf\u099c\u09c7\u09b0 \u09b8\u09cd\u09ac\u09aa\u09cd\u09a8\u09c7\u09b0 \u09b8\u09c0\u09ae\u09be\u09a8\u09be\u099f\u09be\u0995\u09c7 \u09ac\u09be\u09dc\u09bf\u09df\u09c7 \u09a8\u09bf\u09df\u09c7 \u0997\u09c7\u09b2\u09c7\u09a8 \u09b8\u09cd\u09ac\u09b2\u09cd\u09aa\u09a6\u09c8\u09b0\u09cd\u0998\u09cd\u09af \u099a\u09b2\u099a\u09cd\u099a\u09bf\u09a4\u09cd\u09b0 \u09a8\u09bf\u09b0\u09cd\u09ae\u09be\u09a3\u09c7\u0993\u0964 \u09a4\u09be\u09b0 \u09a8\u09bf\u09b0\u09cd\u09ae\u09bf\u09a4 \u2018\u09ac\u09cb\u09a7\u2019 \u0993 \u2018\u09a6\u09cd\u09af\u09be \u09b6\u09cd\u09af\u09c1\u099c\u2019 \u09a8\u09be\u09ae\u09c7\u09b0 \u09a8\u09bf\u09b0\u09cd\u09ac\u09be\u0995 \u09b8\u09cd\u09ac\u09b2\u09cd\u09aa\u09a6\u09c8\u09b0\u09cd\u0998\u09cd\u09af \u099a\u09b2\u099a\u09cd\u099a\u09bf\u09a4\u09cd\u09b0 \u09a6\u09c1\u099f\u09bf \u09aa\u09cd\u09b0\u09b6\u0982\u09b8\u09be\u09b0 \u099d\u09dc \u09a4\u09c1\u09b2\u09c7\u099b\u09c7 \u09ac\u09bf\u09b6\u09cd\u09ac\u09ac\u09cd\u09af\u09be\u09aa\u09c0\u0964 \u0995\u09be\u099c \u0995\u09b0\u099b\u09c7\u09a8 \u098f\u0995\u09be\u09a7\u09bf\u0995 \u09a8\u09a4\u09c1\u09a8 \u09ab\u09bf\u09b2\u09cd\u09ae \u09a8\u09bf\u09df\u09c7\u0964 \u09b8\u09be\u09a6\u09be\u09a4 \u09b9\u09cb\u09b8\u09be\u0987\u09a8\u09c7\u09b0 \u099c\u0997\u09a4 \u099c\u09c1\u09dc\u09c7 \u0985\u09ae\u09bf\u09a4 \u09b8\u09cd\u09ac\u09aa\u09cd\u09a8\u09c7\u09b0 \u09ac\u09b8\u09ac\u09be\u09b8\u0964 \u09b8\u09c7\u0987 \u09b8\u09cd\u09ac\u09aa\u09cd\u09a8\u09c7\u09b0 \u09b8\u09ac\u099f\u09be \u099b\u09c1\u0981\u09df\u09c7 \u099b\u09c1\u099f\u09c7 \u09af\u09c7\u09a4\u09c7 \u099a\u09be\u09a8 \u0985\u09ac\u09bf\u09b0\u09be\u09ae\u0964 \u09b8\u09ae\u09cd\u09aa\u09cd\u09b0\u09a4\u09bf \u0986\u09b2\u09cb\u0995\u099a\u09bf\u09a4\u09cd\u09b0, \u09b2\u09c7\u0996\u09be\u09b2\u09c7\u0996\u09bf \u098f\u09ac\u0982 \u09b8\u09cd\u09ac\u09b2\u09cd\u09aa\u09a6\u09c8\u09b0\u09cd\u0998\u09cd\u09af \u099a\u09b2\u099a\u09cd\u099a\u09bf\u09a4\u09cd\u09b0\u09c7\u09b0 \u099c\u09a8\u09cd\u09af \u099c\u09bf\u09a4\u09c7\u099b\u09c7\u09a8 \u2018\u099c\u09c1\u09a8\u09bf\u09df\u09b0 \u099a\u09c7\u09ae\u09cd\u09ac\u09be\u09b0 \u0987\u09a8\u09cd\u099f\u09be\u09b0\u09a8\u09cd\u09af\u09b6\u09a8\u09be\u09b2 \u0985\u09cd\u09af\u09be\u0993\u09df\u09be\u09b0\u09cd\u09a1\u2019\u0964",
        "slug": "\u09b8\u09a6\u09a4-\u09b9\u09b8\u0987\u09a8"
    }
},
{
    "model": "author.bookauthor",
    "pk": 14,
    "fields": {
        "name": "\u09b6\u09b0\u09cd\u09ae\u09bf\u09b2\u09be \u09b8\u09bf\u09a8\u09a1\u09cd\u09b0\u09c7\u09b2\u09be",
        "image": "",
        "bio": "",
        "slug": "\u09b6\u09b0\u09ae\u09b2-\u09b8\u09a8\u09a1\u09b0\u09b2"
    }
},
{
    "model": "author.bookauthor",
    "pk": 15,
    "fields": {
        "name": "\u09a4\u09be\u09ae\u09bf\u09ae \u09b6\u09be\u09b9\u09b0\u09bf\u09df\u09be\u09b0 \u09b8\u09c1\u09ac\u09bf\u09a8",
        "image": "Author/79202.jpg",
        "bio": "Tamim Shahriar Subeen (\u09a1\u09be\u0995\u09a8\u09be\u09ae : \u09b8\u09c1\u09ac\u09bf\u09a8)-\u098f\u09b0 \u099c\u09a8\u09cd\u09ae \u09e7\u09ef\u09ee\u09e8 \u09b8\u09be\u09b2\u09c7\u09b0 \u09ed \u09a8\u09ad\u09c7\u09ae\u09cd\u09ac\u09b0 \u09ae\u09df\u09ae\u09a8\u09b8\u09bf\u0982\u09b9\u09c7\u0964 \u0997\u09cd\u09b0\u09be\u09ae\u09c7\u09b0 \u09ac\u09be\u09dc\u09bf \u0995\u09c1\u09ae\u09bf\u09b2\u09cd\u09b2\u09be \u099c\u09c7\u09b2\u09be\u09b0 \u099a\u09be\u09a8\u09cd\u09a6\u09bf\u09a8\u09be \u0989\u09aa\u099c\u09c7\u09b2\u09be\u09b0 \u09b9\u09be\u09b0\u0982 \u0997\u09cd\u09b0\u09be\u09ae\u09c7\u0964 \u09a4\u09be\u0981\u09b0 \u09ac\u09be\u09ac\u09be \u09ae\u09cb: \u09ae\u09cb\u099c\u09be\u09ae\u09cd\u09ae\u09c7\u09b2 \u09b9\u0995 \u099b\u09bf\u09b2\u09c7\u09a8 \u09b8\u09b0\u0995\u09be\u09b0\u09bf \u0995\u09b0\u09cd\u09ae\u0995\u09b0\u09cd\u09a4\u09be \u098f\u09ac\u0982 \u09ae\u09be \u09ab\u09c7\u09b0\u09a6\u09cc\u09b8\u09bf \u09ac\u09c7\u0997\u09ae \u0997\u09c3\u09b9\u09bf\u09a3\u09c0\u0964 \u09b8\u09cd\u09a4\u09cd\u09b0\u09c0 \u09b8\u09bf\u09b0\u09be\u099c\u09c1\u09ae \u09ae\u09c1\u09a8\u09bf\u09b0\u09be \u09aa\u09c1\u09a4\u09cd\u09b0 \u0986\u09b0\u09be\u09ad \u09b6\u09be\u09b9\u09b0\u09bf\u09df\u09be\u09b0\u0995\u09c7 \u09a8\u09bf\u09df\u09c7 \u09ac\u09b0\u09cd\u09a4\u09ae\u09be\u09a8\u09c7 \u09b8\u09bf\u0999\u09cd\u0997\u09be\u09aa\u09c1\u09b0\u09c7 \u09ac\u09b8\u09ac\u09be\u09b8 \u0995\u09b0\u099b\u09c7\u09a8\u0964 \u09b2\u09c7\u0996\u09be\u09aa\u09dc\u09be \u0995\u09b0\u09c7\u099b\u09c7\u09a8 \u09b9\u09cb\u09ae\u09a8\u09be \u09b8\u09b0\u0995\u09be\u09b0\u09bf \u09aa\u09cd\u09b0\u09be\u09a5\u09ae\u09bf\u0995 \u09ac\u09bf\u09a6\u09cd\u09af\u09be\u09b2\u09df, \u098f \u0995\u09c7 \u0989\u099a\u09cd\u099a \u09ac\u09bf\u09a6\u09cd\u09af\u09be\u09b2\u09df, \u09a8\u099f\u09b0 \u09a1\u09c7\u09ae \u0995\u09b2\u09c7\u099c \u098f\u09ac\u0982 \u09b6\u09be\u09b9\u099c\u09be\u09b2\u09be\u09b2 \u09ac\u09bf\u099c\u09cd\u099e\u09be\u09a8 \u0993 \u09aa\u09cd\u09b0\u09af\u09c1\u0995\u09cd\u09a4\u09bf \u09ac\u09bf\u09b6\u09cd\u09ac\u09ac\u09bf\u09a6\u09cd\u09af\u09be\u09b2\u09df\u09c7\u0964 \u09e8\u09e6\u09e6\u09ec \u09b8\u09be\u09b2\u09c7 \u09b6\u09be\u09b9\u099c\u09be\u09b2\u09be\u09b2 \u09ac\u09bf\u099c\u09cd\u099e\u09be\u09a8 \u0993 \u09aa\u09cd\u09b0\u09af\u09c1\u0995\u09cd\u09a4\u09bf \u09ac\u09bf\u09b6\u09cd\u09ac\u09ac\u09bf\u09a6\u09cd\u09af\u09be\u09b2\u09df\u09c7 \u0995\u09ae\u09cd\u09aa\u09bf\u0989\u099f\u09be\u09b0 \u09b8\u09be\u09df\u09c7\u09a8\u09cd\u09b8 \u0993 \u0987\u099e\u09cd\u099c\u09bf\u09a8\u09bf\u09df\u09be\u09b0\u09bf\u0982 \u09ac\u09bf\u09ad\u09be\u0997 \u09a5\u09c7\u0995\u09c7 \u09aa\u09be\u09b8 \u0995\u09b0\u09c7\u099b\u09c7\u09a8\u0964 \u09ac\u09bf\u09b6\u09cd\u09ac\u09ac\u09bf\u09a6\u09cd\u09af\u09be\u09b2\u09df\u09c7 \u09a5\u09be\u0995\u09be\u0995\u09be\u09b2\u09c0\u09a8 \u09ac\u09bf\u09ad\u09bf\u09a8\u09cd\u09a8 \u09aa\u09cd\u09b0\u09cb\u0997\u09cd\u09b0\u09be\u09ae\u09bf\u0982 \u09aa\u09cd\u09b0\u09a4\u09bf\u09af\u09cb\u0997\u09bf\u09a4\u09be\u09df \u0985\u0982\u09b6\u0997\u09cd\u09b0\u09b9\u09a3 \u0995\u09b0\u09c7\u099b\u09c7\u09a8\u0964 \u09aa\u09b0\u09ac\u09b0\u09cd\u09a4\u09c0 \u09b8\u09ae\u09df\u09c7 (\u09e8\u09e6\u09e6\u09ed \u0993 \u09e8\u09e6\u09e6\u09ee \u09b8\u09be\u09b2\u09c7) \u09a4\u09bf\u09a8\u09bf \u098f\u09b8\u09bf\u098f\u09ae \u0986\u0987\u09b8\u09bf\u09aa\u09bf\u09b8\u09bf \u09a2\u09be\u0995\u09be \u09b0\u09bf\u099c\u09bf\u0993\u09a8\u09be\u09b2-\u098f\u09b0 \u09ac\u09bf\u099a\u09be\u09b0\u0995 \u099b\u09bf\u09b2\u09c7\u09a8\u0964 \u098f\u0995\u099f\u09bf \u09ac\u09c7\u09b8\u09b0\u0995\u09be\u09b0\u09bf \u09ac\u09bf\u09b6\u09cd\u09ac\u09ac\u09bf\u09a6\u09cd\u09af\u09be\u09b2\u09df\u09c7 \u09b6\u09bf\u0995\u09cd\u09b7\u0995\u09a4\u09be \u09a6\u09bf\u09df\u09c7 \u0995\u09b0\u09cd\u09ae\u099c\u09c0\u09ac\u09a8 \u09b6\u09c1\u09b0\u09c1 \u0995\u09b0\u09b2\u09c7\u0993 \u09aa\u09b0\u09c7 \u09b8\u09ab\u099f\u0993\u09df\u09cd\u09af\u09be\u09b0 \u09aa\u09cd\u09b0\u0995\u09c7\u09d7\u09b6\u09b2\u09c0 \u09b9\u09bf\u09b8\u09c7\u09ac\u09c7 \u0995\u09be\u099c \u09b6\u09c1\u09b0\u09c1 \u0995\u09b0\u09c7\u09a8\u0964 \u09ac\u09be\u0982\u09b2\u09be\u09a6\u09c7\u09b6\u09c7 \u09a5\u09be\u0995\u09be\u0995\u09be\u09b2\u09c0\u09a8 \u09b8\u09ae\u09df\u09c7 \u09aa\u09cd\u09b0\u09a4\u09bf\u09b7\u09cd\u09a0\u09be \u0995\u09b0\u09c7\u099b\u09c7\u09a8 \u09ae\u09c1\u0995\u09cd\u09a4 \u09b8\u09ab\u099f\u0993\u09df\u09cd\u09af\u09be\u09b0 \u09b2\u09bf\u09ae\u09bf\u099f\u09c7\u09a1 \u0993 \u09a6\u09cd\u09ac\u09bf\u09ae\u09bf\u0995 \u0995\u09ae\u09cd\u09aa\u09bf\u0989\u099f\u09bf\u0982\u0964 \u098f \u099b\u09be\u09dc\u09be \u09a4\u09bf\u09a8\u09bf \u09ac\u09be\u0982\u09b2\u09be\u09a6\u09c7\u09b6 \u0997\u09a3\u09bf\u09a4 \u0985\u09b2\u09bf\u09ae\u09cd\u09aa\u09bf\u09df\u09be\u09a1\u09c7 \u098f\u0995\u099c\u09a8 \u098f\u0995\u09be\u09a1\u09c7\u09ae\u09bf\u0995 \u0995\u09be\u0989\u09a8\u09cd\u09b8\u09bf\u09b2\u09b0\u0964 \u09ac\u09b0\u09cd\u09a4\u09ae\u09be\u09a8\u09c7 \u09b8\u09bf\u0999\u09cd\u0997\u09be\u09aa\u09c1\u09b0\u09c7 \u0997\u09cd\u09b0\u09cd\u09af\u09be\u09ac \u09a8\u09be\u09ae\u0995 \u098f\u0995\u099f\u09bf \u0986\u09a8\u09cd\u09a4\u09b0\u09cd\u099c\u09be\u09a4\u09bf\u0995 \u09aa\u09cd\u09b0\u09a4\u09bf\u09b7\u09cd\u09a0\u09be\u09a8\u09c7 \u0987\u099e\u09cd\u099c\u09bf\u09a8\u09bf\u09df\u09be\u09b0\u09bf\u0982 \u09ae\u09cd\u09af\u09be\u09a8\u09c7\u099c\u09be\u09b0 \u09b9\u09bf\u09b8\u09c7\u09ac\u09c7 \u0995\u09be\u099c \u0995\u09b0\u099b\u09c7\u09a8\u0964",
        "slug": "\u09a4\u09ae\u09ae-\u09b6\u09b9\u09b0\u09af\u09b0-\u09b8\u09ac\u09a8"
    }
},
{
    "model": "publication.publication",
    "pk": 1,
    "fields": {
        "name": "\u09ac\u09be\u09ac\u09c1\u0987",
        "active": true,
        "slug": "avswe"
    }
},
{
    "model": "publication.publication",
    "pk": 2,
    "fields": {
        "name": "\u09ac\u09bf\u09ad\u09be\u09b8",
        "active": true,
        "slug": "llcd1"
    }
},
{
    "model": "publication.publication",
    "pk": 3,
    "fields": {
        "name": "\u09ac\u09be\u09a4\u09bf\u0998\u09b0 \u09aa\u09cd\u09b0\u0995\u09be\u09b6\u09a8\u09c0",
        "active": true,
        "slug": "\u09ac\u09a4\u0998\u09b0-\u09aa\u09b0\u0995\u09b6\u09a8"
    }
},
{
    "model": "publication.publication",
    "pk": 4,
    "fields": {
        "name": "Corgi Books",
        "active": true,
        "slug": "fastpick-1acb"
    }
},
{
    "model": "publication.publication",
    "pk": 8,
    "fields": {
        "name": "\u0986\u09ae\u09be\u09b0 \u09a6\u09c7\u09b6",
        "active": true,
        "slug": "04abdycfw"
    }
},
{
    "model": "publication.publication",
    "pk": 13,
    "fields": {
        "name": "\u0985\u09a8\u09cd\u09af\u09aa\u09cd\u09b0\u0995\u09be\u09b6",
        "active": true,
        "slug": "\u0985\u09a8\u09af\u09aa\u09b0\u0995\u09b6"
    }
},
{
    "model": "publication.publication",
    "pk": 14,
    "fields": {
        "name": "\u0985\u09a8\u09a8\u09cd\u09af\u09be",
        "active": true,
        "slug": "\u0985\u09a8\u09a8\u09af"
    }
},
{
    "model": "publication.publication",
    "pk": 15,
    "fields": {
        "name": "\u09ad\u09be\u09b7\u09be\u099a\u09bf\u09a4\u09cd\u09b0",
        "active": true,
        "slug": "\u09ad\u09b7\u099a\u09a4\u09b0"
    }
},
{
    "model": "publication.publication",
    "pk": 16,
    "fields": {
        "name": "\u09a6\u09cd\u09ac\u09bf\u09ae\u09bf\u0995 \u09aa\u09cd\u09b0\u0995\u09be\u09b6\u09a8\u09c0",
        "active": true,
        "slug": "\u09a6\u09ac\u09ae\u0995-\u09aa\u09b0\u0995\u09b6\u09a8"
    }
},
{
    "model": "publication.publication",
    "pk": 17,
    "fields": {
        "name": "\u0986\u09a6\u09b0\u09cd\u09b6",
        "active": true,
        "slug": "\u0986\u09a6\u09b0\u09b6"
    }
},
{
    "model": "tag.tag",
    "pk": 1,
    "fields": {
        "keyword": "Bangla Book",
        "active": true,
        "slug": "bangla-book",
        "timestamp": "2018-10-10T16:23:40.661Z"
    }
},
{
    "model": "tag.tag",
    "pk": 2,
    "fields": {
        "keyword": "New Book",
        "active": true,
        "slug": "new-book",
        "timestamp": "2018-10-10T16:23:50.489Z"
    }
},
{
    "model": "tag.tag",
    "pk": 3,
    "fields": {
        "keyword": "English Book",
        "active": true,
        "slug": "y5qjc2304",
        "timestamp": "2018-10-11T12:16:43.684Z"
    }
},
{
    "model": "tag.tag",
    "pk": 4,
    "fields": {
        "keyword": "Dan Brown",
        "active": true,
        "slug": "dan-brown",
        "timestamp": "2018-10-11T13:01:19.763Z"
    }
},
{
    "model": "tag.tag",
    "pk": 5,
    "fields": {
        "keyword": "corigi books",
        "active": true,
        "slug": "corigi-books",
        "timestamp": "2018-10-11T13:01:37.677Z"
    }
},
{
    "model": "tag.tag",
    "pk": 6,
    "fields": {
        "keyword": "\u09b9\u09c1\u09ae\u09be\u09df\u09c2\u09a8 \u0986\u09b9\u09ae\u09c7\u09a6",
        "active": true,
        "slug": "\u09b9\u09ae\u09af\u09a8-\u0986\u09b9\u09ae\u09a6",
        "timestamp": "2018-10-11T13:20:59.070Z"
    }
},
{
    "model": "tag.tag",
    "pk": 7,
    "fields": {
        "keyword": "humanun ahmed",
        "active": true,
        "slug": "humanun-ahmed",
        "timestamp": "2018-10-15T17:23:09.492Z"
    }
},
{
    "model": "category.category",
    "pk": 1,
    "fields": {
        "keyword": "\u09b8\u09be\u09df\u09c7\u09a8\u09cd\u09b8 \u09ab\u09bf\u0995\u09b6\u09a8 \u0997\u09b2\u09cd\u09aa",
        "active": true,
        "slug": "fastpick-xhwz",
        "timestamp": "2018-10-10T16:21:34.736Z"
    }
},
{
    "model": "category.category",
    "pk": 2,
    "fields": {
        "keyword": "\u0985\u09a8\u09c1\u09ac\u09be\u09a6",
        "active": true,
        "slug": "fastpick-7ajw",
        "timestamp": "2018-10-10T16:29:56.894Z"
    }
},
{
    "model": "category.category",
    "pk": 3,
    "fields": {
        "keyword": "\u0986\u0987\u09a8 \u0993 \u09ac\u09bf\u099a\u09be\u09b0",
        "active": true,
        "slug": "fastpick-oe5y",
        "timestamp": "2018-10-10T16:30:55.006Z"
    }
},
{
    "model": "category.category",
    "pk": 4,
    "fields": {
        "keyword": "\u0989\u09aa\u09a8\u09cd\u09af\u09be\u09b8",
        "active": true,
        "slug": "randomstr",
        "timestamp": "2018-10-10T16:35:07.280Z"
    }
},
{
    "model": "category.category",
    "pk": 5,
    "fields": {
        "keyword": "\u0996\u09c7\u09b2\u09be\u09a7\u09c1\u09b2\u09be",
        "active": true,
        "slug": "dc6tr",
        "timestamp": "2018-10-10T16:36:21.212Z"
    }
},
{
    "model": "category.category",
    "pk": 6,
    "fields": {
        "keyword": "\u099c\u09c0\u09ac\u09a8\u09c0, \u09b8\u09cd\u09ae\u09c3\u09a4\u09bf\u099a\u09be\u09b0\u09a3 \u0993 \u09b8\u09be\u0995\u09cd\u09b7\u09be\u09ce\u0995\u09be\u09b0",
        "active": true,
        "slug": "1erby",
        "timestamp": "2018-10-10T16:39:34.919Z"
    }
},
{
    "model": "category.category",
    "pk": 7,
    "fields": {
        "keyword": "\u09b8\u09be\u09b9\u09bf\u09a4\u09cd\u09af\u09bf\u0995, \u0995\u09ac\u09bf \u0993 \u09b8\u0982\u0997\u09c0\u09a4 \u09ac\u09cd\u09af\u0995\u09cd\u09a4\u09bf\u09a4\u09cd\u09ac",
        "active": true,
        "slug": "7wajh",
        "timestamp": "2018-10-10T16:42:27.708Z"
    }
},
{
    "model": "category.category",
    "pk": 8,
    "fields": {
        "keyword": "\u0985\u09a8\u09c1\u09ac\u09be\u09a6: \u09b0\u09b9\u09b8\u09cd\u09af, \u0997\u09cb\u09af\u09bc\u09c7\u09a8\u09cd\u09a6\u09be \u0993 \u09a5\u09cd\u09b0\u09bf\u09b2\u09be",
        "active": true,
        "slug": "h2gxti68b",
        "timestamp": "2018-10-11T08:36:07.435Z"
    }
},
{
    "model": "category.category",
    "pk": 9,
    "fields": {
        "keyword": "Fiction",
        "active": true,
        "slug": "cqe9w7hsq",
        "timestamp": "2018-10-11T12:03:58.800Z"
    }
},
{
    "model": "category.category",
    "pk": 10,
    "fields": {
        "keyword": "\u0990\u09a4\u09bf\u09b9\u09be\u09b8\u09bf\u0995 \u0989\u09aa\u09a8\u09cd\u09af\u09be\u09b8",
        "active": true,
        "slug": "\u0990\u09a4\u09b9\u09b8\u0995-\u0989\u09aa\u09a8\u09af\u09b8",
        "timestamp": "2018-10-11T13:07:47.668Z"
    }
},
{
    "model": "category.category",
    "pk": 11,
    "fields": {
        "keyword": "\u09a8\u09be\u09a8\u09be\u09a6\u09c7\u09b6 \u0993 \u09ad\u09cd\u09b0\u09ae\u09a3",
        "active": true,
        "slug": "\u09a8\u09a8\u09a6\u09b6-\u0993-\u09ad\u09b0\u09ae\u09a3",
        "timestamp": "2018-10-11T13:18:08.086Z"
    }
},
{
    "model": "category.category",
    "pk": 12,
    "fields": {
        "keyword": "\u09b8\u09ae\u0995\u09be\u09b2\u09c0\u09a8 \u0989\u09aa\u09a8\u09cd\u09af\u09be\u09b8",
        "active": true,
        "slug": "\u09b8\u09ae\u0995\u09b2\u09a8-\u0989\u09aa\u09a8\u09af\u09b8",
        "timestamp": "2018-10-11T13:23:58.119Z"
    }
},
{
    "model": "category.category",
    "pk": 13,
    "fields": {
        "keyword": "\u0985\u09a8\u09c1\u09ac\u09be\u09a6 \u09b0\u09b9\u09b8\u09cd\u09af, \u09ad\u09cc\u09a4\u09bf\u0995, \u09a5\u09cd\u09b0\u09bf\u09b2\u09be\u09b0 \u0993 \u0985\u09cd\u09af\u09be\u09a1\u09ad\u09c7\u099e\u09cd\u099a\u09be\u09b0",
        "active": true,
        "slug": "\u0985\u09a8\u09ac\u09a6-\u09b0\u09b9\u09b8\u09af-\u09ad\u09a4\u0995-\u09a5\u09b0\u09b2\u09b0-\u0993-\u0985\u09af\u09a1\u09ad\u099e\u099a\u09b0",
        "timestamp": "2018-10-16T05:24:40.215Z"
    }
},
{
    "model": "category.category",
    "pk": 14,
    "fields": {
        "keyword": "\u09b6\u09bf\u09b6\u09c1-\u0995\u09bf\u09b6\u09cb\u09b0: \u09b0\u09b9\u09b8\u09cd\u09af, \u0997\u09cb\u09df\u09c7\u09a8\u09cd\u09a6\u09be, \u0985\u09cd\u09af\u09be\u09a1\u09ad\u09c7\u099e\u09cd\u099a\u09be\u09b0",
        "active": true,
        "slug": "\u09b6\u09b6-\u0995\u09b6\u09b0-\u09b0\u09b9\u09b8\u09af-\u0997\u09af\u09a8\u09a6-\u0985\u09af\u09a1\u09ad\u099e\u099a\u09b0",
        "timestamp": "2018-10-16T05:43:40.177Z"
    }
},
{
    "model": "category.category",
    "pk": 15,
    "fields": {
        "keyword": "\u0997\u09a3\u09bf\u09a4, \u09ac\u09bf\u099c\u09cd\u099e\u09be\u09a8 \u0993 \u09aa\u09cd\u09b0\u09af\u09c1\u0995\u09cd\u09a4\u09bf\u0983 \u09ac\u09bf\u09ac\u09bf\u09a7",
        "active": true,
        "slug": "\u0997\u09a3\u09a4-\u09ac\u099c\u099e\u09a8-\u0993-\u09aa\u09b0\u09af\u0995\u09a4-\u09ac\u09ac\u09a7",
        "timestamp": "2018-10-16T05:51:11.996Z"
    }
}
]
